,having_IP_Address,URL_Length,Shortining_Service,having_At_Symbol,double_slash_redirecting,Prefix_Suffix,having_Sub_Domain,SSLfinal_State,Domain_registeration_length,Favicon,port,HTTPS_token,Request_URL,URL_of_Anchor,Links_in_tags,SFH,Submitting_to_email,Abnormal_URL,Redirect,on_mouseover,RightClick,popUpWidnow,Iframe,age_of_domain,DNSRecord,web_traffic,Page_Rank,Google_Index,Links_pointing_to_page,Statistical_report,Predicted_column
0,-1,-1,1,-1,1,-1,0,-1,1,-1,1,1,-1,-1,0,-1,1,-1,0,1,1,-1,1,1,1,1,-1,1,1,1,Legitimate
1,1,-1,1,1,1,-1,0,1,1,1,1,1,-1,0,1,-1,1,1,0,1,1,1,1,-1,1,1,1,1,0,1,Phishing
2,-1,-1,1,-1,-1,1,1,1,-1,-1,-1,1,1,1,-1,1,-1,-1,0,-1,1,-1,1,-1,1,1,1,-1,1,1,Phishing
3,1,-1,1,1,1,-1,-1,-1,-1,1,1,1,1,0,-1,-1,1,1,0,1,1,1,1,-1,1,1,-1,-1,0,1,Legitimate
4,1,1,1,1,1,-1,-1,-1,1,1,1,1,-1,-1,0,1,1,1,0,1,1,1,1,-1,-1,0,-1,1,1,1,Legitimate
5,1,1,1,1,1,-1,1,1,-1,1,1,1,1,0,1,1,1,-1,0,1,1,1,1,1,1,1,-1,1,0,1,Phishing
6,1,-1,1,-1,1,-1,0,-1,-1,1,1,1,1,-1,1,-1,-1,-1,0,1,1,1,1,-1,1,1,-1,1,1,-1,Legitimate
7,1,-1,1,1,1,-1,-1,-1,1,1,1,1,-1,-1,-1,-1,1,1,0,1,1,1,1,1,1,-1,-1,-1,0,1,Legitimate
8,-1,-1,-1,1,-1,-1,-1,0,1,1,1,-1,-1,-1,1,-1,1,1,1,-1,1,-1,1,1,-1,0,-1,1,0,1,Legitimate
9,-1,1,1,-1,1,-1,1,1,-1,-1,-1,1,1,0,1,0,-1,1,0,1,1,-1,-1,1,1,1,-1,1,1,1,Phishing
10,1,1,1,-1,1,-1,0,1,1,-1,-1,1,-1,-1,-1,-1,1,1,0,-1,-1,-1,-1,1,-1,0,-1,1,0,-1,Legitimate
11,1,-1,1,1,-1,-1,0,0,1,1,1,1,-1,0,-1,-1,1,1,1,1,1,1,1,-1,1,0,1,-1,1,1,Legitimate
12,1,-1,1,1,1,-1,-1,-1,1,1,1,1,-1,-1,0,-1,1,1,0,1,1,1,1,-1,-1,0,-1,1,0,1,Legitimate
13,-1,-1,1,1,1,-1,-1,-1,1,1,1,1,-1,-1,0,-1,1,1,0,1,1,1,1,1,1,1,-1,-1,0,-1,Legitimate
14,-1,1,-1,-1,-1,1,1,1,-1,1,1,-1,-1,0,1,-1,1,-1,0,1,1,1,1,1,-1,1,1,-1,1,1,Phishing
15,1,-1,1,1,1,-1,0,-1,-1,1,1,1,1,0,0,-1,1,1,0,1,1,1,1,-1,1,1,1,1,0,1,Legitimate
16,-1,-1,-1,1,-1,-1,-1,1,-1,1,1,-1,1,0,0,-1,1,-1,1,1,1,1,1,1,-1,1,-1,1,1,1,Phishing
17,-1,-1,1,1,1,-1,-1,1,1,1,1,1,1,0,0,0,1,1,0,1,1,1,1,1,1,-1,-1,1,1,1,Phishing
18,-1,-1,1,1,1,-1,1,1,-1,1,1,1,1,1,-1,-1,1,1,0,1,1,1,1,1,1,-1,-1,1,1,1,Phishing
19,1,-1,1,1,1,-1,1,1,-1,1,1,1,1,0,-1,-1,1,1,0,1,1,1,1,1,1,1,-1,1,0,1,Phishing
20,1,-1,1,1,1,1,1,1,1,1,1,1,-1,1,1,-1,1,1,0,1,1,1,1,1,1,1,-1,1,0,1,Phishing
21,-1,-1,-1,1,-1,1,1,1,-1,1,1,-1,1,0,0,-1,1,-1,1,1,1,1,1,1,-1,0,-1,1,1,1,Phishing
22,-1,1,-1,-1,1,-1,0,-1,-1,1,1,1,1,-1,-1,-1,-1,-1,0,1,1,1,1,-1,1,-1,1,1,0,1,Legitimate
23,1,-1,1,1,1,-1,-1,-1,1,-1,-1,1,-1,-1,0,-1,-1,1,0,-1,1,-1,-1,-1,1,-1,-1,1,0,-1,Legitimate
24,-1,1,1,1,1,-1,1,1,-1,1,1,1,1,0,-1,-1,1,1,0,1,1,1,1,-1,1,0,1,1,1,1,Phishing
25,-1,-1,1,1,1,-1,0,-1,-1,1,1,1,1,-1,-1,0,1,1,0,1,1,1,1,1,1,0,-1,-1,1,1,Legitimate
26,1,-1,1,1,1,-1,0,0,1,-1,1,-1,-1,-1,0,-1,-1,-1,0,-1,1,-1,1,1,-1,-1,-1,1,0,-1,Legitimate
27,-1,-1,-1,1,-1,-1,0,1,-1,1,1,-1,1,0,0,-1,1,-1,1,1,1,1,1,1,-1,1,-1,1,1,1,Phishing
28,1,1,1,1,1,-1,-1,1,1,1,1,-1,-1,0,-1,-1,-1,-1,0,1,1,1,1,1,-1,-1,1,1,-1,-1,Phishing
29,1,-1,1,1,1,-1,-1,-1,1,1,1,1,1,0,-1,-1,1,1,0,1,1,1,1,-1,-1,1,-1,1,0,1,Legitimate
30,1,1,1,1,1,-1,0,1,-1,1,1,1,1,-1,-1,-1,1,1,0,1,1,1,1,1,1,0,1,1,0,1,Legitimate
31,1,-1,1,1,1,-1,0,1,1,1,1,1,1,0,-1,-1,1,1,0,1,1,1,1,-1,-1,1,-1,1,0,1,Legitimate
32,1,-1,1,1,-1,-1,-1,-1,1,1,1,1,-1,-1,-1,-1,1,1,0,1,1,1,1,-1,-1,-1,1,1,-1,1,Legitimate
33,-1,-1,-1,1,-1,-1,0,1,-1,1,1,-1,1,0,1,1,1,-1,0,1,1,1,1,-1,-1,1,-1,-1,1,1,Phishing
34,1,-1,1,1,1,-1,1,1,1,1,1,1,1,1,0,-1,1,1,0,1,1,1,1,-1,1,1,-1,1,0,1,Phishing
35,-1,-1,1,1,1,-1,0,0,1,-1,1,-1,-1,-1,0,-1,1,1,0,-1,1,-1,1,-1,1,-1,-1,1,1,1,Legitimate
36,1,1,1,1,1,1,0,1,-1,1,1,1,1,0,0,1,-1,-1,0,1,1,1,1,-1,1,0,-1,1,0,-1,Phishing
37,1,-1,1,1,1,-1,0,0,1,1,1,1,-1,-1,-1,-1,1,1,0,1,1,1,1,1,-1,-1,-1,1,1,1,Legitimate
38,1,-1,1,1,1,-1,1,0,1,1,1,1,-1,-1,-1,-1,1,1,0,1,1,1,1,1,1,0,-1,1,1,1,Legitimate
39,-1,-1,1,1,1,-1,1,1,1,1,1,1,-1,0,0,-1,1,1,0,1,1,1,1,-1,1,0,-1,1,1,1,Legitimate
40,-1,-1,1,1,1,-1,-1,1,-1,1,1,1,1,0,0,-1,1,1,1,1,1,1,1,-1,1,0,1,1,1,1,Phishing
41,-1,-1,1,1,1,-1,-1,-1,1,1,1,1,-1,-1,-1,-1,1,1,0,1,1,1,1,1,1,1,-1,1,0,1,Legitimate
42,1,-1,1,1,1,-1,1,1,1,1,1,1,-1,0,0,1,1,1,0,1,1,1,1,1,1,1,-1,1,0,1,Phishing
43,1,-1,1,1,1,-1,-1,-1,1,1,1,1,-1,-1,0,-1,1,1,0,1,1,1,1,1,1,-1,-1,1,0,1,Legitimate
44,1,-1,1,1,1,1,-1,1,1,1,1,1,-1,0,1,-1,1,1,0,1,1,1,1,1,-1,1,-1,1,1,1,Phishing
45,1,-1,1,1,1,-1,0,1,-1,1,1,1,1,0,-1,-1,1,1,0,1,1,1,1,-1,1,0,-1,1,0,1,Legitimate
46,-1,1,1,1,1,-1,1,0,-1,1,1,1,1,-1,-1,-1,1,1,0,1,1,1,1,1,1,-1,-1,1,1,1,Legitimate
47,1,1,1,1,1,-1,-1,1,-1,-1,-1,1,1,0,-1,1,-1,1,0,-1,-1,-1,-1,1,-1,1,-1,1,1,-1,Phishing
48,1,1,1,1,1,1,0,1,-1,1,1,1,1,1,0,1,1,1,0,1,1,1,1,1,-1,1,-1,1,1,1,Phishing
49,-1,-1,1,1,1,-1,0,1,-1,1,1,1,-1,0,-1,-1,1,1,0,1,1,1,1,-1,1,1,1,1,0,1,Legitimate
50,1,-1,1,1,1,1,-1,1,-1,-1,-1,1,-1,1,1,-1,-1,1,0,-1,-1,-1,-1,1,1,1,-1,1,1,-1,Phishing
51,-1,-1,1,1,1,-1,-1,-1,1,1,1,1,-1,-1,-1,-1,1,1,0,1,1,1,1,1,1,0,-1,1,1,1,Legitimate
52,1,-1,1,1,1,-1,1,1,-1,1,1,1,1,0,1,-1,1,1,0,1,1,1,1,1,1,1,-1,1,0,1,Phishing
53,1,1,1,1,1,-1,0,-1,-1,1,1,1,-1,-1,-1,-1,1,1,0,1,1,1,1,1,1,-1,1,1,0,-1,Legitimate
54,1,-1,1,1,1,-1,1,1,-1,1,1,1,-1,0,0,1,1,1,0,1,1,1,1,1,1,1,-1,1,0,1,Phishing
55,1,-1,1,1,1,1,1,1,1,1,1,1,-1,1,-1,-1,1,1,0,1,1,1,1,1,-1,-1,-1,1,1,1,Phishing
56,1,-1,1,1,1,-1,-1,-1,-1,1,1,1,1,-1,0,-1,1,1,0,1,1,1,1,-1,-1,-1,-1,-1,1,1,Legitimate
57,1,-1,1,1,-1,-1,1,1,-1,1,1,1,1,1,1,0,1,1,0,1,1,1,1,1,1,1,-1,1,0,1,Phishing
58,1,-1,1,1,1,-1,-1,1,1,1,1,1,-1,-1,-1,0,1,1,0,1,1,1,1,1,1,1,-1,1,0,1,Legitimate
59,-1,-1,1,1,1,-1,1,1,-1,1,1,1,1,1,-1,-1,1,1,0,1,1,1,1,-1,1,1,-1,1,1,1,Phishing
60,1,-1,1,1,1,1,1,1,-1,1,1,1,1,0,-1,-1,1,1,0,1,1,1,1,-1,1,1,1,1,0,1,Phishing
61,-1,-1,-1,-1,1,-1,0,0,-1,1,1,-1,1,0,-1,-1,-1,-1,0,1,1,1,1,1,1,1,-1,1,1,1,Legitimate
62,1,-1,1,1,1,1,-1,1,-1,1,1,1,1,0,-1,-1,1,1,0,1,1,1,1,1,-1,1,-1,1,1,1,Phishing
63,1,1,1,1,1,1,1,1,-1,1,1,1,1,1,0,-1,1,1,0,1,1,1,1,1,1,1,1,1,0,1,Phishing
64,1,-1,1,1,1,-1,0,-1,1,1,1,1,-1,0,-1,-1,1,1,0,1,1,1,1,1,1,1,-1,1,1,1,Legitimate
65,1,-1,1,1,1,-1,0,-1,1,1,1,1,-1,-1,-1,-1,1,1,0,1,1,1,1,-1,-1,-1,-1,1,0,1,Legitimate
66,-1,-1,1,1,1,1,1,1,-1,1,1,1,1,0,1,-1,1,1,0,1,1,1,1,-1,1,1,1,1,0,1,Phishing
67,1,-1,1,1,1,-1,-1,1,1,1,1,1,1,-1,-1,-1,1,1,0,1,1,1,1,-1,-1,0,-1,1,0,1,Legitimate
68,1,1,1,1,1,-1,0,0,-1,1,1,1,1,1,0,1,1,1,0,1,1,1,1,1,1,-1,-1,-1,0,1,Legitimate
69,1,-1,1,1,1,-1,1,-1,-1,1,1,1,1,0,0,-1,1,1,0,1,1,1,1,1,1,0,-1,1,0,1,Phishing
70,1,-1,1,1,1,-1,-1,-1,-1,1,1,1,-1,0,0,-1,1,1,0,1,1,1,1,-1,1,0,-1,-1,0,1,Legitimate
71,-1,-1,-1,1,-1,1,0,1,-1,1,1,-1,1,0,0,-1,1,-1,1,1,1,1,1,1,-1,1,-1,1,1,1,Phishing
72,1,1,1,-1,1,-1,0,-1,-1,1,1,1,1,-1,0,1,1,1,0,1,1,1,1,-1,-1,-1,-1,-1,1,1,Legitimate
73,-1,-1,1,1,1,-1,1,1,-1,-1,-1,1,1,1,-1,1,-1,1,1,-1,1,-1,1,-1,1,1,1,1,0,1,Phishing
74,1,-1,1,1,1,-1,0,-1,1,1,1,1,-1,-1,-1,-1,1,1,1,1,1,1,1,-1,1,0,1,1,0,1,Legitimate
75,-1,-1,-1,1,-1,-1,-1,1,-1,-1,1,-1,1,-1,1,-1,1,-1,1,1,1,-1,1,-1,-1,0,-1,1,1,-1,Legitimate
76,1,-1,1,1,1,-1,0,1,-1,1,1,1,-1,-1,-1,-1,1,1,0,1,1,1,1,-1,1,0,1,1,0,1,Legitimate
77,1,-1,1,1,1,1,1,1,1,1,1,1,-1,1,-1,-1,1,1,0,1,1,-1,1,-1,1,1,1,1,0,1,Phishing
78,1,-1,1,1,1,1,1,1,-1,1,1,-1,1,1,0,-1,1,1,0,1,1,1,1,1,-1,1,-1,1,0,1,Phishing
79,1,1,1,1,1,-1,-1,1,-1,-1,-1,1,1,0,-1,1,-1,1,0,-1,-1,-1,-1,1,-1,1,-1,1,1,-1,Phishing
80,1,-1,1,1,1,-1,0,1,1,1,1,-1,-1,0,0,-1,1,-1,0,1,1,1,1,-1,1,1,-1,1,0,-1,Phishing
81,1,-1,1,1,1,-1,1,1,-1,-1,1,1,1,0,-1,-1,1,1,0,-1,1,-1,1,1,-1,1,1,1,0,1,Phishing
82,-1,-1,1,-1,-1,-1,0,-1,1,-1,-1,1,-1,-1,0,0,-1,1,0,-1,1,-1,-1,-1,1,-1,1,1,0,-1,Legitimate
83,-1,-1,1,1,1,-1,0,-1,-1,1,1,1,1,-1,0,-1,1,1,0,1,1,1,1,-1,1,0,-1,1,1,1,Legitimate
84,1,-1,1,1,1,-1,0,1,1,1,1,1,-1,0,1,-1,1,1,0,1,1,1,1,-1,-1,1,-1,1,1,1,Phishing
85,1,-1,1,1,1,-1,1,1,1,1,1,1,-1,0,0,-1,1,1,0,1,1,1,1,1,1,1,1,-1,0,1,Phishing
86,1,-1,1,1,1,-1,1,1,-1,1,1,1,1,1,0,-1,1,1,0,1,1,1,1,-1,1,1,1,1,0,1,Phishing
87,1,1,1,1,1,-1,1,1,-1,1,1,1,1,0,0,1,1,1,0,1,1,1,1,1,1,1,-1,1,0,1,Phishing
88,1,-1,1,1,1,-1,-1,1,-1,1,1,1,1,0,0,-1,1,1,0,1,1,1,1,1,-1,0,-1,1,1,1,Phishing
89,1,-1,1,1,1,-1,-1,1,1,1,1,1,-1,-1,-1,-1,1,1,0,1,1,1,1,-1,1,-1,-1,1,0,1,Legitimate
90,1,-1,1,1,1,-1,1,1,1,1,1,1,1,0,1,-1,1,1,0,1,1,1,1,1,1,1,1,1,0,1,Phishing
91,1,-1,1,1,1,-1,1,1,-1,1,1,1,1,1,0,-1,1,1,0,1,1,1,1,1,-1,-1,-1,1,1,1,Phishing
92,1,-1,1,1,1,-1,0,1,-1,1,1,1,-1,0,0,1,1,1,0,1,1,1,1,-1,1,1,1,1,0,1,Phishing
93,1,1,1,1,1,-1,-1,1,-1,-1,1,1,1,0,1,1,1,-1,0,-1,1,-1,1,-1,-1,0,-1,1,-1,-1,Legitimate
94,-1,-1,1,1,1,-1,0,1,-1,1,1,1,1,0,1,-1,1,1,0,1,1,1,1,1,1,1,-1,1,0,1,Legitimate
95,-1,1,1,1,1,-1,1,1,-1,1,1,1,1,1,1,-1,1,1,0,1,1,1,1,1,1,1,-1,1,1,1,Phishing
96,1,1,1,1,1,1,1,1,-1,1,1,1,1,1,0,1,1,1,0,1,1,1,1,1,1,-1,1,1,0,1,Phishing
97,-1,-1,1,1,1,-1,1,1,1,1,1,1,-1,0,-1,0,1,1,0,1,1,1,1,1,1,0,-1,1,1,1,Phishing
98,-1,-1,-1,-1,1,-1,0,0,-1,1,1,-1,-1,-1,-1,-1,-1,-1,0,1,1,1,1,-1,-1,-1,1,1,0,1,Legitimate
99,1,-1,1,1,1,-1,0,1,-1,1,1,1,1,1,0,-1,1,1,0,1,1,1,1,-1,1,1,-1,1,0,1,Phishing
100,1,-1,1,1,1,1,-1,1,-1,-1,-1,1,-1,1,-1,-1,-1,1,0,1,1,-1,1,1,1,1,-1,1,0,-1,Phishing
101,-1,-1,-1,1,-1,1,0,1,-1,1,1,-1,1,1,0,-1,1,-1,1,1,1,1,1,1,-1,1,-1,1,1,1,Phishing
102,1,-1,1,1,1,-1,-1,1,-1,1,1,1,1,0,0,-1,1,1,0,1,1,1,1,1,1,0,-1,1,0,1,Phishing
103,1,-1,1,1,1,-1,1,1,-1,1,1,1,1,1,1,0,1,1,0,1,1,1,1,-1,1,1,1,1,0,1,Phishing
104,-1,-1,1,1,-1,-1,1,-1,1,1,1,-1,-1,0,-1,-1,1,1,1,1,1,1,1,1,1,0,-1,1,1,1,Legitimate
105,1,1,1,-1,1,-1,1,1,-1,1,1,1,1,0,1,1,1,1,0,1,1,1,1,1,1,1,-1,1,0,1,Phishing
106,1,-1,1,1,1,-1,1,1,-1,1,1,1,1,0,-1,-1,1,1,0,1,1,1,1,-1,1,0,-1,1,0,1,Legitimate
107,-1,-1,1,1,1,-1,1,1,1,1,1,1,-1,0,-1,-1,1,1,0,1,1,1,1,1,1,-1,-1,1,1,1,Phishing
108,-1,-1,1,1,1,-1,-1,1,1,1,1,1,-1,0,1,-1,-1,1,0,1,1,1,1,1,1,0,-1,1,1,1,Phishing
109,1,-1,1,1,1,1,0,1,-1,1,1,1,-1,1,0,-1,1,1,0,1,1,1,1,1,1,1,-1,1,1,1,Phishing
110,1,-1,1,1,-1,-1,1,1,-1,1,1,1,1,1,0,-1,1,1,1,1,1,1,1,1,1,1,1,1,-1,1,Phishing
111,1,-1,1,-1,1,-1,0,0,1,-1,-1,1,1,-1,0,-1,-1,1,0,1,1,-1,1,1,1,0,-1,-1,0,1,Legitimate
112,1,-1,1,1,1,-1,-1,1,-1,1,1,1,1,1,1,-1,1,1,0,1,1,1,1,1,1,1,1,1,0,1,Phishing
113,1,-1,1,1,1,-1,-1,1,-1,1,1,1,1,1,0,-1,1,1,0,1,1,1,1,1,-1,1,-1,1,1,1,Phishing
114,1,-1,1,1,1,-1,0,0,-1,-1,1,1,1,-1,1,-1,1,1,0,1,1,-1,1,1,-1,1,-1,1,1,1,Legitimate
115,1,-1,1,1,1,-1,0,1,-1,1,1,1,-1,0,-1,-1,1,1,0,1,1,1,1,1,-1,1,-1,1,1,1,Phishing
116,1,-1,1,1,1,1,0,-1,-1,1,1,1,-1,1,1,-1,1,1,0,1,1,1,1,-1,-1,1,-1,1,1,1,Phishing
117,-1,-1,1,1,1,-1,0,-1,1,1,1,1,-1,0,-1,1,1,1,1,1,1,1,1,-1,1,-1,1,1,1,1,Legitimate
118,1,-1,1,1,1,1,0,-1,-1,1,1,1,1,0,0,-1,1,1,0,1,1,1,1,-1,1,1,-1,1,0,1,Phishing
119,1,-1,1,1,1,-1,-1,-1,1,1,1,1,1,-1,0,-1,1,1,0,1,1,1,1,1,1,1,-1,1,1,-1,Legitimate
120,1,1,1,1,1,-1,0,0,-1,-1,-1,1,1,-1,0,1,-1,1,0,1,1,-1,1,1,1,0,-1,1,0,-1,Legitimate
121,1,-1,1,1,1,-1,-1,-1,-1,1,1,1,-1,-1,0,-1,1,1,0,1,1,1,1,-1,-1,-1,-1,1,1,1,Legitimate
122,1,-1,1,1,1,-1,1,1,-1,-1,-1,1,1,1,-1,-1,-1,1,0,-1,1,-1,1,1,1,1,1,1,0,1,Phishing
123,-1,-1,1,1,1,-1,0,1,-1,1,1,1,1,0,1,0,1,1,0,1,1,1,1,-1,1,1,-1,1,1,1,Phishing
124,1,1,1,1,1,1,-1,1,-1,-1,-1,1,1,0,-1,1,1,1,0,-1,-1,-1,-1,1,-1,1,-1,1,1,-1,Phishing
125,1,-1,1,1,1,-1,1,1,-1,1,1,1,1,0,0,-1,1,1,0,1,1,1,1,1,1,1,1,1,0,1,Phishing
126,1,-1,1,1,1,-1,-1,-1,1,1,1,1,1,0,0,-1,1,1,0,1,1,1,1,-1,1,1,1,1,1,1,Legitimate
127,1,1,1,1,1,1,1,1,-1,1,1,1,1,0,-1,1,1,1,0,1,1,1,1,1,1,0,-1,1,0,1,Phishing
128,1,-1,1,1,1,-1,0,-1,1,1,1,1,-1,-1,0,-1,1,1,0,1,1,1,1,1,1,1,-1,1,0,1,Legitimate
129,1,-1,1,1,1,-1,1,1,-1,-1,-1,1,1,0,-1,-1,-1,1,0,1,1,1,1,1,1,1,-1,1,0,-1,Phishing
130,-1,1,-1,-1,-1,1,-1,-1,-1,-1,-1,-1,1,1,1,-1,-1,-1,0,1,-1,-1,-1,1,-1,0,1,-1,1,1,Phishing
131,1,-1,1,1,1,-1,0,0,1,1,1,1,-1,0,-1,-1,1,1,0,1,1,1,1,1,-1,-1,-1,1,1,1,Legitimate
132,-1,-1,-1,1,-1,-1,0,-1,-1,-1,-1,-1,-1,-1,1,-1,-1,-1,1,1,1,-1,-1,-1,-1,1,-1,1,1,-1,Legitimate
133,1,-1,1,1,1,-1,1,1,1,1,1,1,-1,0,1,-1,1,1,0,1,1,1,1,-1,1,0,-1,1,0,1,Phishing
134,-1,-1,1,1,1,-1,0,1,-1,1,1,1,1,0,0,-1,1,1,0,1,1,1,1,1,1,1,-1,1,0,1,Legitimate
135,1,1,1,-1,1,-1,0,1,-1,1,1,1,1,0,1,1,1,1,0,1,1,1,1,-1,-1,1,1,1,0,1,Phishing
136,1,1,1,1,1,1,-1,1,-1,1,1,1,1,0,0,1,1,1,0,1,1,1,1,1,1,1,1,-1,0,1,Phishing
137,1,-1,1,1,1,1,0,1,1,1,1,1,-1,0,-1,-1,1,1,0,1,1,1,1,1,-1,1,1,1,1,1,Phishing
138,1,-1,1,-1,1,-1,-1,-1,-1,-1,-1,1,1,0,-1,-1,-1,1,0,1,1,-1,1,-1,-1,0,-1,1,0,-1,Legitimate
139,-1,-1,1,1,1,-1,1,0,1,1,1,1,-1,-1,1,0,1,1,0,1,1,1,1,-1,1,-1,-1,1,1,1,Legitimate
140,1,1,1,1,1,-1,1,1,1,1,1,1,-1,1,1,0,1,1,0,1,1,1,1,-1,1,1,1,1,0,-1,Phishing
141,1,-1,1,1,1,-1,1,1,-1,1,1,1,1,0,1,-1,1,1,1,1,1,1,1,-1,1,0,1,1,0,1,Legitimate
142,1,-1,1,1,1,1,1,1,-1,-1,1,1,1,0,1,-1,1,1,0,1,1,-1,1,1,-1,1,-1,1,1,1,Phishing
143,1,-1,1,1,1,-1,0,1,-1,1,1,1,1,1,0,-1,1,1,0,1,1,1,1,-1,1,0,-1,1,0,1,Phishing
144,1,-1,1,1,1,-1,1,1,1,1,1,1,-1,-1,-1,-1,1,1,0,1,1,1,1,1,-1,-1,-1,1,1,1,Legitimate
145,1,-1,1,1,1,-1,0,-1,1,1,1,1,-1,-1,0,-1,1,1,0,1,1,1,1,-1,-1,0,-1,1,0,1,Legitimate
146,1,-1,1,1,1,-1,0,0,1,1,1,1,-1,-1,-1,-1,1,1,0,1,1,1,1,1,-1,1,-1,1,0,1,Legitimate
147,1,-1,1,1,1,-1,1,1,-1,1,1,1,1,0,0,-1,1,1,0,1,1,1,1,1,1,0,-1,1,-1,1,Phishing
148,-1,-1,-1,1,-1,-1,-1,-1,-1,-1,-1,-1,1,-1,1,-1,-1,-1,1,-1,-1,-1,-1,-1,-1,1,-1,1,1,-1,Legitimate
149,-1,-1,1,1,1,-1,1,1,-1,1,1,1,1,0,1,-1,1,1,0,1,1,1,1,-1,1,0,-1,1,1,1,Phishing
150,1,-1,1,1,1,-1,0,0,-1,1,1,1,1,-1,0,-1,-1,1,0,1,1,1,1,1,-1,-1,-1,1,0,1,Legitimate
151,1,-1,1,1,1,-1,1,1,-1,1,1,1,1,0,0,-1,1,1,0,1,1,1,1,1,-1,0,-1,1,0,1,Legitimate
152,1,-1,1,1,1,-1,0,1,-1,1,1,1,1,1,-1,-1,1,1,0,1,1,1,1,-1,1,0,-1,1,0,1,Phishing
153,-1,1,1,-1,1,-1,-1,1,-1,-1,-1,1,1,0,1,0,-1,1,0,1,1,-1,-1,1,1,-1,1,1,1,1,Phishing
154,-1,-1,1,1,1,1,1,1,-1,-1,1,1,1,0,1,-1,1,1,0,1,1,-1,1,1,1,1,-1,1,1,1,Phishing
155,-1,1,1,1,1,-1,1,1,-1,1,1,1,1,0,0,1,1,1,0,1,1,1,1,1,1,-1,1,1,0,1,Phishing
156,1,1,1,1,1,-1,1,1,-1,-1,1,-1,1,0,0,-1,1,1,0,-1,1,-1,1,1,1,1,1,1,-1,1,Phishing
157,-1,-1,1,1,1,-1,0,1,-1,1,1,1,1,0,-1,-1,1,1,0,1,1,1,1,-1,1,0,-1,1,1,1,Legitimate
158,1,-1,1,1,1,-1,1,1,-1,1,1,1,1,0,0,-1,1,1,0,1,1,1,1,1,1,0,-1,1,0,1,Phishing
159,1,-1,1,1,1,-1,0,0,-1,-1,1,1,1,-1,0,-1,1,1,0,-1,1,-1,1,1,1,0,-1,1,0,1,Legitimate
160,-1,-1,1,1,1,-1,1,1,1,1,1,1,-1,0,-1,-1,1,1,0,1,1,1,1,1,1,1,-1,1,0,1,Legitimate
161,1,-1,1,1,1,-1,0,1,-1,1,1,1,-1,1,0,-1,1,1,0,1,1,1,1,-1,1,1,-1,1,0,1,Phishing
162,1,-1,1,1,1,-1,-1,0,1,1,1,1,-1,-1,0,-1,1,1,0,1,1,1,1,1,1,0,-1,-1,0,1,Legitimate
163,1,-1,1,1,1,-1,-1,-1,-1,1,1,1,-1,0,0,-1,1,1,0,1,1,1,1,-1,1,0,-1,-1,0,1,Legitimate
164,1,-1,1,1,1,-1,1,1,-1,1,1,1,1,0,0,1,1,1,0,1,1,1,1,1,1,-1,-1,1,0,1,Phishing
165,1,-1,1,1,1,-1,1,1,1,1,1,1,1,0,-1,-1,1,1,0,1,1,1,1,1,-1,0,-1,1,1,1,Phishing
166,1,-1,1,1,1,-1,-1,1,-1,1,1,1,1,0,1,-1,1,1,0,1,1,1,1,1,-1,-1,1,1,1,1,Phishing
167,-1,-1,1,1,1,-1,1,-1,1,1,1,1,-1,0,-1,-1,1,1,0,1,1,1,1,1,1,-1,-1,1,1,1,Phishing
168,-1,1,1,1,1,-1,1,-1,-1,-1,1,1,1,0,0,-1,-1,1,0,-1,1,-1,1,-1,1,0,1,1,0,1,Phishing
169,-1,1,1,1,1,-1,1,1,-1,-1,-1,1,1,0,-1,-1,-1,1,0,-1,1,-1,-1,1,1,0,1,1,-1,1,Phishing
170,1,-1,-1,-1,-1,-1,1,1,1,-1,-1,-1,-1,0,1,-1,1,-1,0,1,1,-1,1,-1,-1,0,1,-1,1,1,Phishing
171,-1,-1,-1,1,-1,-1,-1,1,-1,1,1,-1,1,0,1,-1,1,-1,1,1,1,1,1,1,1,1,-1,1,1,1,Phishing
172,-1,1,1,1,1,1,1,1,-1,1,1,-1,1,0,0,1,1,1,0,1,1,1,1,1,1,-1,1,1,-1,1,Phishing
173,-1,-1,-1,1,-1,-1,-1,-1,1,1,1,1,-1,0,-1,-1,1,1,0,1,-1,1,1,-1,1,-1,1,1,0,-1,Legitimate
174,-1,1,1,1,1,-1,0,0,-1,1,1,1,1,-1,0,-1,1,1,0,1,1,1,1,1,1,0,1,1,0,1,Legitimate
175,1,-1,1,1,1,-1,1,1,-1,1,1,1,1,1,1,1,1,1,1,1,1,1,1,-1,1,1,1,1,0,1,Phishing
176,-1,-1,-1,1,-1,-1,0,1,-1,1,1,-1,1,0,1,-1,1,-1,1,1,1,1,1,1,-1,1,1,1,1,1,Phishing
177,1,-1,1,-1,1,-1,-1,-1,-1,1,1,1,-1,1,-1,-1,1,1,0,1,1,1,1,1,1,1,-1,-1,0,1,Legitimate
178,1,-1,1,1,1,-1,-1,1,-1,1,1,1,1,1,-1,-1,1,1,0,1,1,1,1,-1,1,0,-1,1,0,1,Phishing
179,-1,1,1,1,1,-1,0,0,-1,1,1,1,1,-1,0,-1,1,1,0,1,1,1,1,1,1,-1,-1,1,0,1,Legitimate
180,1,1,1,1,1,-1,1,1,-1,1,1,1,1,0,0,1,1,1,0,1,1,1,1,1,1,-1,1,1,0,1,Phishing
181,1,-1,1,1,-1,-1,1,1,-1,1,1,1,1,1,0,1,1,1,0,1,1,1,1,-1,1,1,1,-1,-1,1,Phishing
182,-1,-1,1,1,1,-1,0,-1,1,1,1,1,-1,-1,0,-1,1,1,1,1,1,1,1,-1,1,-1,1,1,1,-1,Legitimate
183,1,1,1,1,1,-1,1,1,-1,1,1,1,1,0,1,-1,1,1,0,1,1,1,1,1,1,0,1,1,0,1,Phishing
184,1,-1,1,1,1,-1,0,0,-1,1,1,1,1,-1,0,-1,1,1,0,1,1,1,1,1,1,-1,-1,1,0,1,Legitimate
185,1,1,1,1,1,-1,0,-1,-1,1,1,1,1,0,0,0,1,1,0,1,1,1,1,1,1,0,1,1,0,1,Legitimate
186,-1,1,1,1,1,-1,-1,0,1,1,1,1,-1,-1,0,-1,1,1,0,1,1,1,1,1,1,0,1,1,0,1,Legitimate
187,-1,1,1,1,1,-1,-1,-1,-1,1,1,1,-1,-1,0,-1,1,1,0,1,1,1,1,1,1,-1,1,1,0,1,Legitimate
188,1,-1,1,1,1,-1,-1,-1,-1,1,1,1,-1,-1,-1,-1,1,1,0,1,1,1,1,-1,-1,-1,-1,1,0,1,Legitimate
189,1,1,1,1,1,-1,1,1,-1,1,1,1,1,0,1,1,1,1,0,1,1,1,1,1,1,-1,1,1,0,-1,Phishing
190,1,-1,1,1,1,1,0,1,-1,-1,1,-1,1,1,-1,-1,-1,1,0,1,-1,-1,-1,-1,-1,1,-1,1,1,1,Phishing
191,-1,-1,1,1,-1,-1,0,-1,-1,1,1,1,1,0,0,-1,-1,1,1,1,1,1,1,1,1,1,-1,-1,0,1,Legitimate
192,1,1,1,1,1,1,1,1,1,1,1,1,-1,1,1,-1,1,1,0,1,1,1,1,1,1,1,1,1,0,-1,Phishing
193,1,-1,1,1,1,-1,1,1,-1,1,1,1,1,0,1,-1,1,1,0,1,1,1,1,1,1,0,-1,1,-1,-1,Legitimate
194,1,1,1,-1,1,-1,1,1,-1,-1,-1,1,1,0,0,1,-1,1,0,1,1,1,1,-1,1,-1,1,1,0,1,Phishing
195,-1,-1,-1,1,-1,-1,1,1,-1,1,1,-1,1,0,1,-1,1,-1,1,1,1,1,1,1,-1,-1,-1,1,1,1,Phishing
196,1,-1,1,1,1,-1,-1,-1,1,1,1,1,1,0,-1,-1,1,1,0,1,1,1,1,-1,1,0,-1,-1,0,1,Legitimate
197,1,1,1,1,1,-1,-1,-1,1,1,1,1,-1,0,-1,-1,1,1,0,1,1,1,1,1,1,0,-1,1,0,1,Legitimate
198,-1,-1,1,1,1,-1,-1,1,-1,1,1,1,1,0,-1,1,1,1,0,1,1,1,1,-1,1,1,1,1,1,1,Phishing
199,1,1,1,1,1,-1,-1,1,-1,-1,-1,1,1,0,-1,1,-1,1,0,1,1,-1,1,-1,-1,1,-1,1,1,-1,Phishing
200,1,-1,1,1,1,-1,-1,-1,1,1,1,1,-1,-1,-1,-1,1,1,0,1,1,1,1,-1,1,0,-1,-1,0,1,Legitimate
201,1,-1,1,1,1,-1,-1,0,-1,1,1,1,-1,-1,1,-1,1,1,0,1,1,1,1,1,1,0,-1,1,0,-1,Legitimate
202,1,-1,1,1,1,1,-1,1,-1,1,1,1,1,0,0,-1,1,1,0,1,1,1,1,1,-1,1,-1,1,1,1,Phishing
203,1,-1,1,-1,1,-1,-1,-1,-1,1,1,1,-1,-1,0,-1,1,1,0,1,1,1,1,-1,-1,-1,-1,1,0,1,Legitimate
204,1,-1,1,1,1,-1,0,1,-1,1,1,1,1,0,0,-1,1,1,0,1,1,1,1,-1,1,0,-1,1,0,1,Legitimate
205,-1,-1,1,1,1,-1,1,0,1,1,1,1,-1,-1,-1,-1,1,1,0,1,1,1,1,-1,1,0,-1,1,1,1,Legitimate
206,1,-1,1,1,1,-1,-1,1,1,1,1,1,-1,0,-1,-1,1,1,0,1,1,1,1,-1,1,1,-1,1,0,1,Legitimate
207,1,-1,1,1,1,-1,1,1,-1,1,1,1,1,1,0,-1,1,1,0,1,1,1,1,1,1,0,-1,1,0,1,Phishing
208,-1,-1,1,1,1,-1,-1,1,-1,1,1,-1,1,1,1,-1,1,1,0,1,1,1,1,1,1,1,-1,1,1,1,Phishing
209,1,-1,1,1,1,-1,0,-1,1,1,1,1,1,0,-1,-1,1,1,0,1,1,1,1,-1,-1,0,-1,-1,0,1,Legitimate
210,1,-1,1,1,1,-1,0,1,-1,1,1,1,1,0,0,-1,1,1,0,1,1,1,1,-1,1,0,1,1,0,1,Legitimate
211,1,-1,1,1,1,-1,-1,-1,1,1,1,-1,-1,-1,0,-1,1,-1,0,1,1,1,1,-1,-1,-1,-1,1,1,-1,Legitimate
212,1,-1,1,1,1,-1,1,1,-1,1,1,1,-1,0,1,1,1,1,0,1,1,1,1,-1,1,1,-1,1,0,1,Phishing
213,1,-1,1,1,1,-1,-1,-1,-1,-1,-1,1,-1,-1,0,-1,-1,1,0,1,1,-1,1,-1,-1,0,-1,-1,1,-1,Legitimate
214,1,-1,1,1,1,-1,-1,-1,-1,1,1,1,1,0,0,-1,1,1,0,1,1,1,1,-1,1,0,-1,1,0,-1,Legitimate
215,1,-1,1,1,1,-1,-1,1,1,-1,-1,1,-1,0,0,-1,-1,1,0,1,1,-1,1,1,-1,1,1,1,1,-1,Phishing
216,1,-1,1,-1,1,-1,-1,1,-1,1,1,1,-1,0,0,0,1,1,0,1,1,1,1,-1,1,1,-1,1,0,1,Phishing
217,1,-1,1,1,1,1,1,1,1,1,1,1,-1,1,1,-1,1,1,0,1,1,1,1,1,-1,-1,-1,1,1,1,Phishing
218,1,-1,1,1,1,-1,1,1,-1,1,1,1,-1,0,0,-1,1,1,0,1,1,1,1,1,1,1,1,1,0,1,Phishing
219,1,1,1,1,1,-1,-1,1,-1,1,1,1,1,0,0,-1,1,1,0,1,1,1,1,1,1,1,1,1,0,1,Phishing
220,1,-1,1,1,1,-1,0,1,-1,1,1,1,1,0,1,-1,1,1,0,1,1,1,1,-1,-1,1,1,1,1,1,Phishing
221,-1,-1,1,1,1,-1,0,0,-1,1,1,1,-1,-1,-1,-1,1,1,0,1,1,1,1,-1,1,-1,-1,1,1,-1,Legitimate
222,-1,-1,-1,1,-1,-1,1,-1,-1,1,1,-1,1,0,0,-1,1,-1,1,1,1,1,1,1,1,1,1,1,1,1,Phishing
223,-1,1,1,1,1,1,-1,1,-1,1,1,1,1,1,0,-1,1,1,0,1,1,1,1,1,1,-1,1,1,1,1,Phishing
224,1,-1,1,-1,1,-1,-1,1,1,1,1,1,-1,1,1,-1,1,1,0,1,1,1,1,-1,1,1,-1,-1,0,1,Phishing
225,1,1,1,1,1,-1,0,0,-1,1,1,1,1,-1,0,1,1,1,0,1,1,1,1,1,1,-1,-1,1,0,1,Legitimate
226,1,-1,1,1,-1,-1,-1,-1,1,1,1,1,-1,-1,-1,-1,1,1,0,1,1,1,1,-1,-1,-1,1,1,-1,1,Legitimate
227,-1,-1,1,1,1,-1,1,1,-1,1,1,1,1,0,-1,-1,1,1,0,1,1,1,1,-1,1,0,-1,1,1,1,Phishing
228,1,1,1,1,1,-1,0,-1,-1,1,1,1,1,-1,-1,-1,1,1,0,1,1,1,1,1,1,-1,1,1,0,-1,Legitimate
229,1,-1,1,1,1,-1,1,1,-1,1,1,1,1,1,0,-1,1,1,0,1,1,1,1,-1,1,1,1,1,0,1,Phishing
230,1,-1,1,1,1,-1,-1,-1,-1,-1,-1,1,-1,-1,0,-1,-1,1,0,1,1,-1,1,-1,-1,-1,-1,1,0,-1,Legitimate
231,1,-1,1,1,1,-1,1,1,1,1,1,1,-1,0,1,-1,1,1,0,1,1,1,1,1,1,1,-1,1,0,1,Phishing
232,-1,-1,1,1,1,-1,1,1,1,1,1,1,-1,1,-1,-1,1,1,0,1,1,1,1,-1,1,-1,-1,1,1,1,Phishing
233,1,1,1,1,1,-1,-1,-1,1,1,1,1,-1,-1,0,1,1,1,0,1,1,1,1,-1,1,-1,-1,1,0,1,Legitimate
234,1,-1,1,1,1,-1,0,1,-1,1,1,1,1,0,-1,-1,1,1,1,1,1,1,1,-1,1,0,1,1,0,1,Legitimate
235,1,1,1,1,1,-1,-1,-1,-1,1,1,1,-1,-1,0,1,1,1,0,1,1,1,1,-1,1,-1,-1,1,0,1,Legitimate
236,-1,-1,-1,1,-1,-1,1,1,-1,1,1,-1,1,1,0,-1,1,-1,1,1,1,1,1,1,-1,1,-1,1,1,1,Phishing
237,-1,-1,-1,-1,-1,-1,0,0,-1,-1,1,-1,1,-1,-1,-1,1,-1,0,-1,1,-1,1,-1,-1,1,-1,1,0,1,Legitimate
238,1,1,1,1,1,-1,-1,-1,-1,1,1,1,1,-1,-1,1,1,1,0,1,1,1,1,-1,-1,-1,-1,1,1,1,Legitimate
239,-1,-1,1,1,1,1,1,1,-1,1,1,1,1,0,0,1,1,1,0,1,1,1,1,1,1,-1,-1,1,1,1,Phishing
240,1,-1,1,1,1,-1,1,1,-1,1,1,1,1,0,1,-1,1,1,0,1,1,1,1,1,1,0,-1,-1,0,1,Legitimate
241,-1,1,-1,-1,-1,-1,1,-1,-1,-1,1,-1,1,-1,1,-1,1,-1,0,-1,1,-1,1,1,-1,0,1,1,1,1,Legitimate
242,-1,-1,1,1,1,-1,-1,-1,-1,1,1,1,1,-1,-1,-1,1,1,0,1,1,1,1,-1,1,-1,1,1,0,1,Legitimate
243,1,-1,1,1,1,1,1,1,1,1,1,1,-1,1,0,-1,1,1,0,1,1,1,1,1,1,-1,-1,1,0,1,Phishing
244,1,-1,1,1,1,1,1,1,-1,1,1,1,1,1,1,-1,1,1,1,1,1,1,1,-1,1,1,1,1,0,1,Phishing
245,-1,-1,1,-1,1,-1,0,-1,1,1,1,1,-1,0,-1,-1,1,1,1,1,1,1,1,-1,1,1,1,1,1,1,Phishing
246,1,-1,1,1,1,-1,0,0,1,1,1,1,-1,1,-1,-1,1,1,0,1,1,1,1,1,-1,-1,-1,-1,1,1,Legitimate
247,1,-1,1,1,-1,-1,1,0,-1,1,1,-1,-1,-1,1,-1,1,1,0,1,1,1,1,-1,1,-1,-1,1,0,1,Legitimate
248,1,-1,1,1,1,-1,-1,-1,1,1,1,1,-1,-1,-1,0,1,1,0,1,1,1,1,-1,1,1,-1,1,0,1,Legitimate
249,-1,-1,-1,1,-1,-1,1,1,-1,1,1,-1,1,1,0,-1,1,-1,1,1,1,1,1,1,-1,1,-1,1,1,1,Phishing
250,1,-1,1,1,1,-1,1,1,-1,1,1,1,-1,0,0,-1,1,1,0,1,1,1,1,1,1,1,1,1,0,1,Phishing
251,1,-1,1,1,1,-1,1,1,-1,1,1,1,1,0,0,-1,1,1,0,1,1,1,1,-1,1,1,1,1,0,1,Phishing
252,1,-1,1,1,1,-1,0,1,1,1,1,1,-1,0,0,-1,1,1,0,1,1,1,1,-1,1,-1,-1,1,0,1,Phishing
253,1,-1,1,1,1,-1,1,1,-1,-1,1,1,1,0,0,-1,1,1,1,1,1,-1,1,-1,1,0,-1,1,0,1,Phishing
254,-1,1,1,-1,1,-1,1,1,-1,-1,-1,1,1,0,-1,0,-1,1,0,-1,-1,-1,-1,1,1,1,-1,1,1,1,Phishing
255,1,-1,1,1,1,-1,-1,-1,-1,1,1,1,1,-1,0,-1,1,1,0,1,1,1,1,-1,-1,1,-1,1,1,1,Legitimate
256,1,-1,1,1,1,-1,1,1,-1,1,1,1,1,0,0,1,1,1,0,1,1,1,1,1,1,-1,-1,1,0,1,Phishing
257,-1,-1,1,1,1,-1,1,-1,1,1,1,1,-1,0,-1,-1,1,1,0,1,1,1,1,1,1,0,-1,-1,0,1,Legitimate
258,1,1,1,1,1,1,0,-1,-1,1,1,1,1,0,0,1,1,1,0,1,1,1,1,1,1,1,-1,-1,-1,1,Phishing
259,1,1,1,1,1,-1,0,1,-1,1,1,1,1,1,1,-1,1,1,0,1,1,1,1,1,1,1,1,1,0,1,Phishing
260,1,-1,1,1,1,1,-1,1,-1,-1,-1,1,1,1,0,-1,-1,1,0,-1,-1,-1,-1,1,-1,1,-1,1,1,-1,Phishing
261,1,1,1,1,1,-1,1,1,-1,1,1,1,1,0,0,1,1,1,0,1,1,1,1,1,-1,1,-1,1,0,1,Phishing
262,-1,-1,1,1,1,-1,1,-1,-1,1,1,-1,-1,0,-1,-1,1,1,0,1,1,1,1,-1,1,0,1,1,0,1,Legitimate
263,-1,-1,1,1,1,-1,-1,-1,-1,1,1,1,-1,1,1,-1,1,1,0,1,1,1,1,-1,1,-1,-1,1,1,1,Phishing
264,-1,1,1,1,1,-1,1,1,-1,-1,-1,1,1,0,1,0,-1,1,0,1,1,-1,-1,1,1,1,-1,1,1,1,Phishing
265,1,-1,1,1,1,-1,-1,1,1,1,1,1,-1,1,-1,-1,1,1,0,1,1,1,1,1,1,-1,-1,1,0,1,Phishing
266,1,-1,1,1,-1,-1,0,-1,1,1,1,1,-1,-1,0,0,1,1,0,1,1,1,1,-1,1,-1,1,1,0,1,Legitimate
267,-1,-1,1,1,1,-1,1,1,1,1,1,1,1,0,-1,-1,1,1,0,1,1,1,1,-1,1,0,1,1,1,1,Phishing
268,1,-1,1,1,1,-1,0,0,1,1,1,1,-1,-1,-1,-1,-1,1,0,1,1,1,1,1,1,-1,-1,1,1,1,Legitimate
269,-1,-1,-1,-1,1,1,0,1,-1,1,1,1,-1,1,0,-1,-1,-1,0,1,1,1,1,1,1,-1,-1,1,0,1,Phishing
270,1,-1,1,1,1,-1,0,1,1,1,1,1,-1,0,1,-1,1,1,0,1,1,1,1,1,-1,1,-1,1,1,1,Phishing
271,1,-1,1,1,1,-1,-1,-1,-1,1,1,1,-1,-1,1,-1,1,1,0,1,1,1,1,-1,-1,-1,-1,1,1,1,Legitimate
272,1,1,1,1,1,-1,1,1,-1,1,1,1,1,0,0,0,1,1,0,1,1,1,1,1,1,1,-1,1,0,1,Phishing
273,1,-1,1,1,1,-1,0,-1,1,1,1,1,1,0,0,-1,1,1,1,1,1,1,1,-1,1,1,1,1,0,1,Legitimate
274,1,-1,1,1,1,-1,1,-1,-1,1,1,1,-1,-1,0,-1,1,1,0,1,1,1,1,1,1,-1,-1,1,0,1,Legitimate
275,-1,-1,1,-1,1,-1,0,1,-1,-1,-1,1,1,0,1,0,-1,1,0,-1,-1,-1,-1,-1,1,1,1,1,1,1,Phishing
276,1,1,1,1,1,-1,1,1,-1,1,1,1,1,1,0,0,1,1,0,1,1,1,1,-1,1,0,1,1,0,1,Phishing
277,1,-1,1,1,1,-1,1,-1,1,1,1,1,1,0,0,-1,1,1,0,1,1,1,1,1,-1,-1,1,1,1,1,Phishing
278,1,-1,1,1,1,-1,1,1,1,1,1,1,-1,0,1,-1,1,1,0,1,1,1,1,1,1,1,-1,1,0,1,Phishing
279,1,-1,1,1,1,-1,1,1,-1,1,1,1,1,1,1,-1,1,1,0,1,1,1,1,-1,1,1,-1,1,0,-1,Phishing
280,1,-1,1,1,1,-1,-1,-1,-1,1,1,1,1,-1,-1,-1,1,1,0,1,1,1,1,-1,-1,1,-1,1,0,1,Legitimate
281,1,-1,1,1,1,-1,0,1,-1,1,1,1,1,0,1,-1,1,1,0,1,1,1,1,-1,1,1,-1,1,0,1,Phishing
282,1,-1,1,1,1,-1,1,1,-1,1,1,1,1,0,1,-1,1,1,0,1,1,1,1,1,-1,0,-1,1,1,1,Phishing
283,1,-1,1,1,1,-1,1,-1,-1,1,1,1,-1,-1,0,-1,-1,1,0,1,1,1,1,-1,-1,-1,-1,1,0,1,Legitimate
284,1,1,1,1,1,-1,1,1,-1,-1,1,1,1,0,-1,0,1,1,0,-1,1,-1,1,-1,1,0,1,1,0,1,Phishing
285,1,-1,1,1,1,-1,1,1,-1,1,1,1,1,1,1,-1,1,1,0,1,1,1,1,1,1,1,-1,1,0,1,Phishing
286,1,-1,1,1,1,-1,-1,1,-1,1,1,1,-1,-1,-1,1,-1,1,0,1,1,1,1,1,1,1,-1,-1,0,1,Legitimate
287,1,-1,1,1,1,-1,0,1,1,1,1,1,-1,0,-1,-1,1,-1,0,1,1,1,1,-1,1,1,-1,1,0,1,Phishing
288,-1,1,1,1,1,-1,0,1,-1,-1,-1,1,1,0,-1,-1,-1,1,0,-1,1,-1,-1,1,1,1,-1,1,-1,1,Phishing
289,1,-1,1,-1,1,-1,0,-1,-1,-1,-1,1,-1,-1,1,-1,-1,1,0,-1,1,-1,-1,1,1,1,-1,1,0,1,Legitimate
290,1,-1,1,1,1,-1,-1,-1,-1,1,1,1,1,-1,1,-1,1,1,0,1,1,1,1,1,1,0,-1,1,1,1,Legitimate
291,-1,-1,1,1,1,-1,0,0,-1,1,1,1,1,-1,1,-1,1,1,1,1,1,1,1,-1,1,-1,-1,1,1,1,Legitimate
292,1,-1,1,1,1,-1,0,0,-1,1,1,1,1,0,-1,-1,1,1,0,1,1,1,1,-1,1,-1,1,1,0,1,Legitimate
293,1,1,1,-1,1,-1,-1,0,-1,1,1,1,1,1,-1,0,1,1,0,1,1,1,1,1,1,-1,1,1,0,1,Legitimate
294,1,-1,1,-1,1,1,1,1,1,-1,-1,1,-1,1,0,-1,-1,1,0,-1,1,-1,-1,-1,1,1,1,1,0,1,Phishing
295,1,-1,1,1,1,-1,0,-1,-1,-1,-1,1,1,-1,1,-1,-1,1,0,-1,-1,-1,-1,-1,1,-1,-1,1,0,-1,Legitimate
296,1,-1,1,-1,1,-1,0,-1,-1,1,1,1,1,-1,1,-1,1,1,0,1,1,1,1,1,1,1,-1,1,0,1,Legitimate
297,1,-1,1,1,1,-1,-1,1,-1,1,1,1,1,0,0,-1,1,1,0,1,1,1,1,-1,1,0,-1,1,0,1,Phishing
298,-1,-1,-1,-1,-1,-1,0,-1,-1,-1,-1,-1,-1,-1,1,-1,-1,-1,0,-1,1,-1,1,-1,-1,0,-1,-1,1,1,Legitimate
299,-1,-1,1,-1,-1,-1,-1,-1,1,-1,-1,1,-1,-1,0,-1,-1,1,0,-1,1,-1,-1,1,1,1,-1,1,0,1,Legitimate
300,1,-1,1,1,1,-1,1,1,-1,1,1,1,1,0,-1,-1,1,1,0,1,1,1,1,-1,1,0,-1,1,0,1,Legitimate
301,1,-1,1,1,1,-1,-1,1,-1,1,1,1,1,0,1,1,1,1,0,1,1,1,1,-1,1,1,-1,1,0,-1,Phishing
302,1,-1,1,1,1,-1,-1,-1,-1,-1,-1,1,-1,-1,0,-1,-1,1,0,-1,-1,-1,-1,-1,1,0,-1,1,0,-1,Legitimate
303,1,-1,1,1,1,-1,0,0,1,1,1,1,1,-1,-1,-1,1,1,0,1,1,1,1,1,-1,-1,-1,1,0,1,Legitimate
304,-1,1,1,1,1,-1,1,1,-1,1,1,1,1,1,1,1,1,1,0,1,1,1,1,1,1,1,-1,1,0,1,Phishing
305,-1,-1,1,1,1,-1,0,1,1,1,1,1,-1,0,1,-1,-1,1,0,1,1,1,1,-1,1,-1,-1,1,1,1,Phishing
306,-1,-1,1,1,1,-1,0,-1,1,1,1,1,-1,0,1,-1,1,1,0,1,1,1,1,-1,1,1,1,1,1,1,Legitimate
307,1,-1,1,1,1,-1,1,0,-1,1,1,1,1,0,-1,-1,1,1,0,1,1,1,1,-1,1,1,1,1,0,1,Phishing
308,1,-1,1,1,1,-1,-1,-1,-1,1,1,1,1,-1,0,-1,1,1,0,1,1,1,1,-1,1,0,-1,1,0,1,Legitimate
309,-1,-1,-1,1,-1,-1,-1,1,1,1,1,-1,-1,1,0,-1,1,-1,0,1,1,1,1,-1,-1,1,-1,-1,1,1,Phishing
310,1,1,1,-1,1,1,1,1,1,1,1,1,-1,1,1,1,1,1,0,1,1,1,1,1,1,1,-1,1,0,1,Phishing
311,1,1,1,1,1,1,1,-1,-1,1,1,1,1,0,0,-1,1,1,0,1,1,1,1,1,1,0,1,-1,-1,1,Phishing
312,-1,-1,1,1,1,-1,-1,0,-1,1,1,1,-1,-1,-1,0,-1,1,0,1,1,1,1,1,1,1,-1,1,0,1,Legitimate
313,-1,-1,1,1,1,-1,0,1,-1,1,1,1,-1,0,-1,-1,1,1,0,1,1,1,1,1,1,0,-1,-1,0,1,Legitimate
314,1,-1,1,1,1,1,1,1,-1,1,1,1,1,0,0,-1,1,1,0,1,1,1,1,1,1,1,-1,1,0,1,Phishing
315,1,-1,1,1,1,-1,-1,1,-1,1,1,1,1,1,1,-1,1,1,0,1,1,1,1,1,-1,1,-1,1,1,1,Phishing
316,1,1,1,1,1,1,-1,1,-1,1,1,1,1,1,0,1,1,1,0,1,1,1,1,-1,-1,1,-1,1,1,1,Phishing
317,1,-1,1,1,1,-1,-1,-1,1,1,1,1,1,0,0,-1,1,1,0,1,1,1,1,-1,1,1,-1,-1,0,1,Legitimate
318,-1,-1,1,1,1,1,1,1,-1,1,1,1,1,0,1,-1,1,1,0,1,1,1,1,1,1,-1,-1,1,1,1,Phishing
319,1,1,1,1,1,-1,0,1,-1,1,1,1,1,0,0,1,1,1,0,1,1,1,1,-1,1,1,1,1,0,1,Phishing
320,1,-1,1,1,1,-1,0,1,-1,1,1,1,1,1,0,-1,1,1,0,1,1,1,1,-1,1,-1,-1,1,0,1,Phishing
321,1,-1,1,1,1,-1,1,1,-1,1,1,1,1,1,0,-1,1,1,0,1,1,1,1,-1,1,1,1,1,0,1,Phishing
322,1,-1,1,1,1,-1,1,1,-1,1,1,1,-1,0,0,0,1,1,0,1,1,1,1,1,1,1,-1,1,0,1,Phishing
323,-1,-1,1,-1,1,1,0,1,1,-1,-1,1,-1,1,-1,-1,-1,1,0,-1,-1,-1,-1,-1,1,1,-1,1,1,1,Phishing
324,1,-1,1,1,1,-1,-1,1,1,1,1,1,-1,0,-1,-1,1,1,0,1,1,1,1,-1,-1,1,-1,1,1,1,Legitimate
325,1,-1,1,1,1,-1,-1,1,-1,1,1,1,1,1,0,1,1,1,0,1,1,1,1,-1,1,1,-1,1,0,1,Phishing
326,1,1,1,-1,1,-1,1,1,-1,1,1,-1,1,0,1,1,1,1,0,1,1,1,1,1,1,1,-1,1,-1,1,Phishing
327,1,-1,1,1,1,-1,1,1,-1,1,1,1,1,1,1,-1,1,1,0,1,1,1,1,1,1,1,-1,1,0,1,Phishing
328,1,-1,1,1,1,-1,-1,1,1,1,1,1,-1,-1,-1,-1,1,1,0,1,1,1,1,1,1,1,-1,1,0,1,Legitimate
329,-1,-1,1,1,1,-1,1,1,-1,-1,1,1,1,0,-1,0,1,1,0,-1,1,-1,1,-1,1,1,1,1,1,1,Phishing
330,-1,-1,1,1,1,1,-1,-1,-1,1,1,1,1,1,0,-1,1,1,0,1,1,1,1,1,1,1,-1,1,1,1,Phishing
331,1,1,-1,1,1,1,-1,1,-1,1,1,-1,1,0,1,1,1,1,0,1,1,1,1,1,-1,1,-1,1,-1,1,Phishing
332,1,-1,1,1,1,-1,1,-1,1,-1,-1,1,-1,0,-1,-1,-1,1,0,-1,1,-1,-1,1,-1,1,-1,1,1,-1,Legitimate
333,-1,-1,1,1,1,-1,0,-1,1,1,1,1,-1,0,-1,-1,1,1,0,1,1,1,1,-1,1,1,1,1,1,1,Legitimate
334,1,-1,1,-1,1,-1,0,-1,-1,1,1,1,1,-1,0,-1,1,1,0,1,1,1,1,-1,1,-1,-1,-1,1,1,Legitimate
335,1,-1,1,-1,1,-1,-1,1,-1,1,1,1,1,1,1,-1,1,1,0,1,1,1,1,1,1,1,-1,1,0,1,Phishing
336,1,-1,1,1,1,-1,-1,1,1,-1,-1,1,-1,1,1,-1,-1,1,0,1,1,-1,1,1,-1,1,1,1,1,-1,Phishing
337,-1,-1,1,1,1,-1,-1,-1,-1,1,1,1,-1,1,1,-1,1,1,0,1,1,1,1,-1,1,0,-1,1,1,1,Phishing
338,-1,1,-1,1,-1,-1,1,1,-1,1,1,-1,1,0,-1,-1,1,-1,0,1,1,1,1,1,-1,0,-1,1,1,1,Phishing
339,-1,-1,-1,1,-1,1,0,1,-1,1,1,-1,1,1,1,-1,1,-1,1,1,1,1,1,1,-1,1,-1,1,1,1,Phishing
340,-1,-1,1,1,1,-1,1,-1,-1,1,1,1,1,-1,-1,-1,1,1,0,1,1,1,1,1,1,0,-1,1,1,1,Legitimate
341,1,-1,1,-1,1,-1,0,0,1,1,1,1,-1,-1,0,-1,1,1,0,1,1,1,1,1,1,-1,-1,1,1,1,Legitimate
342,-1,-1,-1,1,-1,-1,0,-1,-1,-1,-1,-1,1,-1,1,-1,-1,-1,1,-1,-1,-1,-1,-1,-1,1,-1,1,1,-1,Legitimate
343,1,-1,1,1,1,-1,0,1,-1,1,1,1,-1,1,0,-1,1,1,0,1,1,1,1,-1,1,1,-1,1,0,1,Phishing
344,-1,-1,1,-1,1,-1,-1,1,1,-1,-1,1,-1,1,0,-1,-1,1,1,-1,1,-1,-1,-1,1,1,-1,1,1,1,Phishing
345,1,-1,1,1,1,-1,0,-1,-1,-1,1,1,1,-1,-1,-1,1,1,0,1,1,-1,1,-1,1,-1,-1,1,0,1,Legitimate
346,1,-1,1,1,1,-1,0,1,-1,-1,-1,1,1,1,-1,-1,-1,1,0,-1,1,-1,1,-1,-1,1,-1,1,1,-1,Phishing
347,1,-1,1,1,1,-1,1,1,-1,1,1,1,-1,0,0,-1,1,1,0,1,1,1,1,1,1,1,1,1,0,1,Phishing
348,-1,-1,1,-1,1,-1,0,-1,1,-1,-1,1,-1,-1,0,-1,-1,1,0,-1,1,-1,-1,1,1,0,-1,-1,1,1,Legitimate
349,1,-1,1,1,1,-1,1,0,-1,1,1,1,1,0,-1,-1,1,1,0,1,1,1,1,-1,1,1,1,1,0,1,Phishing
350,1,-1,1,1,1,-1,-1,-1,1,1,1,1,-1,0,0,-1,1,1,0,1,1,1,1,-1,-1,-1,-1,1,0,1,Legitimate
351,1,1,1,1,1,-1,-1,1,-1,-1,-1,1,1,0,-1,1,-1,1,0,-1,-1,-1,-1,1,-1,1,-1,1,1,-1,Phishing
352,-1,-1,1,1,1,-1,-1,1,-1,1,1,1,1,-1,1,-1,-1,1,0,1,1,1,1,1,1,1,-1,1,0,1,Legitimate
353,1,-1,1,1,1,-1,1,1,-1,1,1,1,1,1,1,-1,1,1,0,1,1,1,1,1,1,1,-1,1,0,1,Phishing
354,1,-1,1,-1,1,1,1,1,-1,-1,-1,1,1,1,0,-1,-1,1,0,-1,1,-1,-1,-1,1,1,1,1,0,1,Phishing
355,1,1,1,1,1,-1,0,0,-1,1,1,1,1,-1,-1,-1,1,1,0,1,1,1,1,1,1,-1,1,1,0,1,Legitimate
356,1,-1,1,-1,1,-1,1,1,-1,1,1,-1,-1,1,0,-1,-1,-1,0,1,1,1,1,-1,1,-1,1,1,0,1,Phishing
357,1,-1,1,1,1,-1,0,1,-1,-1,-1,1,1,1,0,-1,-1,1,0,-1,-1,-1,-1,-1,-1,1,-1,1,1,-1,Phishing
358,-1,-1,1,1,1,1,1,1,-1,1,1,1,1,1,1,1,1,1,0,1,1,1,1,-1,1,-1,1,1,1,1,Phishing
359,1,-1,1,1,1,-1,-1,1,1,1,1,1,-1,0,-1,1,1,1,0,1,1,1,1,1,1,1,-1,1,0,1,Phishing
360,1,-1,1,1,1,-1,1,1,-1,1,1,1,-1,1,-1,1,1,1,0,1,1,1,1,-1,1,0,1,1,0,1,Phishing
361,1,-1,1,1,1,-1,-1,-1,-1,1,1,1,1,1,0,-1,1,1,0,1,1,1,1,-1,1,1,-1,1,0,1,Phishing
362,1,-1,1,1,1,-1,0,0,1,1,1,1,-1,-1,0,-1,1,1,0,1,1,1,1,1,-1,0,-1,1,1,1,Legitimate
363,1,-1,1,1,1,-1,-1,-1,1,-1,-1,1,-1,-1,0,-1,-1,1,0,1,1,-1,1,-1,-1,-1,-1,-1,0,-1,Legitimate
364,1,-1,1,1,1,-1,1,-1,1,1,1,1,-1,0,0,-1,1,1,0,1,1,1,1,1,-1,1,-1,-1,1,1,Legitimate
365,1,-1,1,1,1,-1,-1,1,-1,1,1,1,1,0,0,-1,1,1,0,1,1,1,1,1,-1,0,-1,1,1,1,Phishing
366,1,-1,1,1,1,-1,-1,-1,-1,1,1,1,1,-1,0,-1,1,1,0,1,1,1,1,-1,1,1,-1,1,0,1,Legitimate
367,1,1,1,1,1,-1,1,1,1,-1,1,1,-1,0,0,1,1,1,0,-1,1,-1,1,1,-1,1,-1,-1,0,1,Phishing
368,-1,-1,1,-1,1,-1,0,1,1,-1,1,1,-1,-1,0,0,1,1,0,1,1,-1,1,-1,1,-1,1,1,0,-1,Legitimate
369,1,-1,1,1,1,-1,-1,1,-1,1,1,1,1,0,0,-1,1,1,0,1,1,1,1,1,1,1,1,1,0,1,Phishing
370,1,-1,1,1,1,-1,1,1,-1,1,1,1,1,0,1,-1,1,1,0,1,1,1,1,1,1,1,-1,1,0,1,Phishing
371,1,-1,1,1,1,-1,-1,-1,1,-1,-1,1,-1,-1,0,-1,-1,1,0,-1,-1,-1,-1,-1,-1,0,-1,1,0,-1,Legitimate
372,-1,0,1,1,1,-1,1,-1,1,1,1,-1,-1,0,-1,-1,1,1,0,1,1,1,1,1,1,1,-1,1,-1,1,Legitimate
373,1,-1,1,1,1,-1,1,1,-1,1,1,1,1,1,1,-1,1,1,0,1,1,1,1,1,1,1,-1,1,0,1,Phishing
374,-1,-1,1,-1,1,-1,0,1,-1,-1,-1,1,1,1,0,-1,-1,1,0,-1,-1,-1,-1,-1,1,1,-1,1,1,1,Phishing
375,-1,-1,1,1,1,-1,0,1,1,1,1,1,-1,0,-1,-1,1,1,0,1,1,1,1,-1,1,0,-1,1,0,1,Legitimate
376,-1,-1,1,1,1,-1,1,1,1,1,1,1,-1,1,-1,-1,1,1,0,1,1,1,1,-1,1,-1,-1,1,1,1,Phishing
377,1,1,1,1,1,-1,-1,1,-1,1,1,1,1,-1,-1,1,1,1,0,1,1,1,1,-1,-1,0,-1,-1,0,-1,Legitimate
378,1,-1,1,-1,1,1,1,1,-1,-1,-1,1,-1,1,0,-1,-1,-1,0,1,1,1,1,-1,1,1,-1,1,0,1,Phishing
379,-1,-1,-1,1,-1,-1,-1,-1,-1,1,1,-1,1,-1,-1,-1,1,-1,1,1,1,1,1,-1,-1,1,-1,1,1,1,Legitimate
380,1,-1,1,1,1,-1,-1,-1,-1,1,1,1,1,-1,0,-1,1,1,0,1,1,1,1,-1,1,0,-1,1,0,1,Legitimate
381,-1,-1,-1,1,-1,-1,-1,1,1,1,1,-1,-1,1,1,-1,1,-1,1,1,1,1,1,1,-1,1,-1,1,1,-1,Phishing
382,-1,1,-1,1,-1,1,-1,1,-1,1,1,-1,1,0,0,1,-1,-1,0,1,1,1,1,1,1,1,-1,1,1,-1,Phishing
383,-1,-1,-1,1,-1,-1,0,0,1,1,1,-1,-1,-1,1,-1,1,-1,1,1,1,1,1,1,-1,-1,-1,1,0,1,Legitimate
384,-1,-1,1,1,1,-1,1,0,1,1,1,1,-1,0,-1,0,1,1,0,1,1,1,1,-1,1,-1,-1,1,1,1,Legitimate
385,-1,-1,1,-1,1,-1,1,1,-1,-1,-1,-1,-1,0,0,0,-1,1,0,1,1,-1,1,1,1,-1,-1,1,1,1,Phishing
386,1,-1,1,1,1,-1,-1,-1,1,1,1,1,1,0,-1,-1,1,1,0,1,1,1,1,-1,1,1,1,1,0,1,Legitimate
387,-1,-1,1,1,1,-1,-1,-1,-1,1,1,1,1,-1,1,0,1,1,0,1,1,1,1,1,1,0,-1,1,1,1,Legitimate
388,1,-1,1,1,1,-1,-1,1,1,1,1,1,1,1,1,-1,1,1,0,1,1,1,1,1,1,1,1,1,0,1,Phishing
389,1,-1,1,1,1,-1,0,1,-1,1,1,1,1,0,0,-1,1,1,0,1,1,1,1,1,1,-1,-1,1,0,1,Phishing
390,1,-1,1,1,1,1,1,1,1,1,1,1,-1,1,1,-1,1,1,0,1,1,1,1,1,1,1,-1,1,0,1,Phishing
391,1,1,1,1,1,-1,1,1,-1,1,1,1,1,0,1,-1,1,1,0,1,1,1,1,1,1,1,1,1,0,1,Phishing
392,1,-1,1,1,1,-1,-1,-1,1,1,1,1,-1,-1,0,-1,1,1,0,1,1,1,1,-1,1,-1,-1,1,0,1,Legitimate
393,1,-1,1,1,1,1,0,1,1,-1,-1,1,-1,1,-1,-1,-1,1,0,-1,-1,-1,-1,-1,-1,1,-1,1,1,-1,Phishing
394,-1,1,1,1,1,-1,0,0,-1,1,1,1,1,-1,0,-1,1,1,0,1,1,1,1,1,1,-1,1,1,0,1,Legitimate
395,1,-1,1,1,1,-1,0,-1,-1,1,1,1,-1,0,-1,-1,1,1,0,1,1,1,1,-1,1,0,1,1,0,1,Legitimate
396,1,-1,1,1,1,-1,1,1,1,1,1,1,-1,0,1,-1,1,1,0,1,1,1,1,1,1,1,-1,1,1,1,Phishing
397,-1,-1,-1,-1,1,-1,0,0,-1,1,1,-1,-1,-1,1,-1,-1,-1,0,1,1,1,1,-1,-1,-1,-1,1,0,1,Legitimate
398,1,-1,1,1,1,1,-1,1,-1,1,1,1,1,1,0,-1,1,1,0,1,1,1,1,-1,1,1,-1,1,0,1,Phishing
399,1,-1,1,1,1,-1,0,-1,-1,1,1,1,1,-1,0,-1,1,1,0,1,1,1,1,-1,-1,-1,-1,1,0,1,Legitimate
400,-1,-1,-1,1,-1,-1,-1,1,-1,1,1,-1,1,0,1,-1,1,-1,1,1,1,1,1,1,-1,1,-1,1,1,1,Phishing
401,-1,1,-1,-1,-1,-1,1,-1,-1,1,1,-1,1,-1,1,-1,1,-1,0,-1,1,-1,1,1,-1,1,1,-1,0,-1,Legitimate
402,1,-1,1,1,1,-1,1,1,1,1,1,1,1,1,0,-1,1,1,0,1,1,1,1,1,1,1,-1,1,0,1,Phishing
403,1,-1,1,1,1,-1,-1,-1,-1,1,1,1,1,-1,0,-1,1,1,0,1,1,1,1,1,-1,-1,-1,1,0,1,Legitimate
404,1,-1,1,1,1,-1,1,1,-1,1,1,1,1,0,0,1,-1,1,1,1,1,-1,-1,-1,1,1,-1,1,0,1,Phishing
405,-1,-1,-1,1,-1,-1,-1,-1,-1,-1,1,-1,-1,-1,1,-1,-1,-1,1,-1,1,-1,1,-1,-1,0,-1,1,0,-1,Legitimate
406,-1,-1,1,-1,1,1,1,1,-1,-1,-1,-1,1,0,1,-1,-1,1,0,1,1,-1,-1,1,1,-1,-1,1,1,1,Phishing
407,-1,-1,1,-1,1,-1,1,0,1,-1,-1,1,1,-1,0,-1,-1,1,0,1,1,-1,1,-1,1,0,-1,1,0,1,Legitimate
408,-1,-1,1,1,1,-1,-1,-1,1,1,1,1,-1,-1,0,-1,1,1,0,1,1,1,1,1,1,1,-1,1,1,1,Legitimate
409,-1,1,1,1,1,-1,1,1,1,1,1,1,1,0,0,-1,1,1,0,1,1,1,1,1,1,0,-1,1,1,1,Phishing
410,1,-1,1,1,1,-1,1,1,1,1,1,1,-1,0,1,-1,1,1,0,1,1,1,1,1,-1,1,-1,1,1,1,Phishing
411,-1,-1,1,-1,1,-1,0,-1,-1,-1,-1,1,1,-1,0,-1,-1,1,0,-1,1,-1,-1,1,1,0,-1,1,1,1,Legitimate
412,-1,1,-1,1,-1,-1,1,0,-1,1,1,-1,1,-1,0,0,1,-1,0,1,1,1,1,1,-1,1,1,-1,1,1,Legitimate
413,-1,1,-1,1,-1,1,1,1,-1,1,1,-1,-1,0,1,1,1,-1,1,1,1,1,1,1,-1,1,-1,1,1,-1,Phishing
414,1,-1,1,1,1,-1,0,-1,1,1,1,1,-1,0,-1,-1,1,1,0,1,1,1,1,-1,1,1,-1,1,0,1,Legitimate
415,1,-1,1,1,1,-1,0,-1,-1,1,1,1,1,-1,0,-1,1,1,0,1,1,1,1,-1,1,-1,-1,1,0,-1,Legitimate
416,-1,-1,-1,1,-1,-1,1,-1,-1,1,1,-1,1,1,0,-1,1,-1,1,1,1,1,1,1,-1,0,-1,1,1,1,Phishing
417,-1,-1,1,1,1,-1,1,1,-1,1,1,1,1,0,-1,0,1,1,0,1,1,1,1,1,1,-1,-1,1,1,1,Phishing
418,-1,-1,-1,1,-1,-1,-1,1,-1,-1,1,-1,1,-1,1,-1,1,-1,1,1,1,-1,1,-1,-1,0,-1,1,1,-1,Legitimate
419,-1,-1,1,1,1,-1,1,-1,1,1,1,1,-1,0,0,-1,1,1,0,1,1,1,1,-1,1,1,1,1,1,1,Legitimate
420,-1,-1,-1,-1,-1,-1,1,-1,-1,-1,-1,-1,-1,-1,1,0,-1,-1,1,-1,-1,-1,-1,1,-1,1,-1,1,1,1,Legitimate
421,-1,-1,-1,1,-1,-1,1,1,-1,1,1,-1,1,0,-1,1,1,-1,1,1,1,1,1,1,-1,0,-1,1,1,1,Phishing
422,1,-1,1,1,1,-1,0,0,1,1,1,1,-1,-1,-1,-1,1,1,0,1,1,1,1,1,-1,-1,-1,1,1,1,Legitimate
423,-1,1,-1,1,-1,1,1,1,-1,1,1,-1,1,0,0,1,1,-1,1,1,1,1,1,1,-1,1,-1,1,1,1,Phishing
424,-1,1,-1,1,-1,-1,0,-1,-1,-1,-1,-1,1,-1,1,1,-1,-1,1,-1,-1,-1,-1,-1,-1,1,-1,1,1,-1,Legitimate
425,1,-1,1,1,1,-1,0,1,-1,1,1,1,-1,0,-1,-1,1,1,0,1,1,1,1,-1,1,1,1,1,0,1,Phishing
426,1,1,1,-1,1,-1,1,0,-1,1,1,1,1,0,0,-1,1,1,0,1,1,1,1,-1,1,1,1,1,-1,1,Phishing
427,-1,-1,1,1,1,-1,0,-1,-1,1,1,1,1,-1,1,-1,1,1,0,1,1,1,1,-1,1,-1,1,1,1,1,Legitimate
428,1,-1,1,1,1,-1,1,1,-1,1,1,1,-1,1,1,1,1,1,0,1,1,1,1,1,1,-1,-1,1,0,1,Phishing
429,1,1,1,1,1,1,-1,1,-1,1,1,1,1,1,0,1,1,1,0,1,1,1,1,-1,1,1,-1,1,0,1,Phishing
430,-1,-1,1,1,1,-1,0,-1,1,1,1,1,-1,-1,-1,-1,1,1,0,1,1,1,1,1,1,1,-1,1,1,1,Legitimate
431,1,1,1,1,1,-1,1,1,-1,1,1,1,1,0,1,1,1,1,0,1,1,1,1,1,1,1,1,-1,-1,1,Phishing
432,-1,-1,1,1,1,-1,1,1,-1,1,1,1,1,0,-1,-1,1,1,0,1,1,1,1,-1,1,1,-1,1,1,1,Phishing
433,1,-1,1,1,1,-1,0,1,-1,1,1,1,1,0,0,-1,1,1,0,1,1,1,1,1,1,0,-1,1,0,1,Phishing
434,1,-1,1,1,1,-1,1,-1,1,1,1,1,-1,0,0,-1,1,1,0,1,1,1,1,-1,-1,1,-1,1,1,1,Phishing
435,-1,-1,1,1,1,-1,0,1,-1,1,1,1,1,0,0,-1,1,1,0,1,1,1,1,-1,1,1,-1,-1,1,1,Phishing
436,1,-1,1,1,1,-1,1,1,-1,1,1,1,-1,0,0,1,1,1,0,1,1,1,1,1,1,1,-1,1,0,1,Phishing
437,-1,1,-1,-1,-1,1,1,1,-1,1,1,-1,-1,0,1,-1,1,-1,1,1,1,1,1,1,-1,1,1,1,1,1,Phishing
438,1,1,1,1,1,1,1,1,-1,1,1,1,1,1,-1,1,1,1,0,1,1,1,1,-1,1,0,1,1,1,1,Phishing
439,1,-1,1,1,1,1,1,1,-1,1,1,1,1,1,-1,-1,1,1,0,1,1,-1,1,1,1,1,-1,1,0,1,Phishing
440,1,-1,1,-1,-1,-1,0,1,1,1,1,-1,-1,-1,-1,-1,1,1,0,-1,1,1,1,1,-1,-1,-1,-1,1,-1,Legitimate
441,-1,-1,-1,1,-1,1,1,1,-1,1,1,-1,1,0,-1,-1,1,-1,1,1,1,1,1,1,-1,1,-1,1,1,1,Phishing
442,1,-1,1,1,1,-1,0,-1,-1,1,1,1,1,-1,0,0,-1,1,0,1,1,1,1,-1,1,1,1,1,-1,1,Legitimate
443,1,-1,1,1,1,-1,1,-1,-1,1,1,1,1,-1,0,-1,1,1,0,1,1,1,1,1,-1,-1,-1,1,0,1,Legitimate
444,1,-1,1,-1,1,-1,-1,1,-1,1,1,1,-1,0,1,-1,1,1,0,1,1,1,1,1,1,1,1,1,0,1,Phishing
445,1,-1,1,1,1,-1,1,-1,1,1,1,1,-1,0,0,-1,1,1,0,1,1,1,1,-1,1,-1,-1,1,0,1,Phishing
446,1,-1,1,1,1,-1,1,1,1,1,1,1,-1,-1,-1,-1,1,1,0,1,1,1,1,1,-1,-1,-1,1,1,1,Legitimate
447,1,-1,1,-1,1,-1,1,1,-1,-1,-1,1,-1,1,-1,-1,-1,1,0,-1,1,-1,-1,1,1,1,-1,1,0,1,Phishing
448,1,-1,1,1,1,-1,0,-1,-1,1,1,1,-1,0,-1,-1,1,1,0,1,1,1,1,1,1,1,-1,1,0,1,Legitimate
449,-1,1,1,-1,1,-1,-1,0,-1,-1,-1,1,-1,-1,0,-1,-1,1,0,1,1,-1,1,1,1,0,1,1,0,1,Legitimate
450,-1,-1,1,1,1,-1,1,-1,1,1,1,1,1,0,-1,-1,1,1,0,1,1,1,1,1,1,1,-1,1,1,1,Legitimate
451,1,-1,1,1,1,-1,1,-1,1,1,1,1,-1,0,0,-1,1,1,0,1,1,1,1,1,-1,1,-1,1,1,1,Legitimate
452,1,-1,1,1,1,-1,-1,-1,-1,-1,-1,1,1,-1,0,-1,-1,1,0,-1,-1,-1,-1,-1,1,-1,-1,1,0,-1,Legitimate
453,1,-1,1,1,1,-1,1,-1,1,1,1,1,1,-1,-1,-1,1,1,0,1,1,1,1,-1,1,-1,1,1,0,1,Legitimate
454,1,1,-1,1,1,-1,1,-1,-1,1,1,1,1,-1,-1,-1,-1,-1,0,1,1,1,1,-1,-1,-1,-1,1,0,-1,Legitimate
455,-1,-1,1,-1,1,-1,-1,-1,-1,1,1,1,-1,-1,-1,-1,1,1,0,1,1,1,1,1,1,1,-1,-1,0,1,Legitimate
456,1,-1,1,1,1,-1,0,-1,-1,1,1,1,1,-1,1,-1,1,1,0,1,1,1,1,-1,-1,1,-1,-1,0,1,Legitimate
457,1,-1,1,1,1,-1,-1,1,-1,1,1,1,-1,0,-1,-1,1,1,0,1,1,1,1,-1,1,0,-1,-1,0,1,Legitimate
458,1,-1,1,1,1,1,0,-1,-1,1,1,1,1,1,1,-1,1,1,0,1,1,1,1,1,1,1,-1,1,0,1,Phishing
459,1,-1,1,1,1,-1,1,1,-1,1,1,1,1,0,0,-1,1,1,0,1,1,1,1,1,-1,1,-1,1,0,1,Phishing
460,-1,-1,1,-1,1,-1,0,1,1,1,1,1,-1,-1,-1,-1,1,1,0,1,1,1,1,1,1,1,-1,-1,1,1,Legitimate
461,-1,-1,1,1,1,-1,1,1,1,1,1,1,-1,0,0,0,1,1,0,1,1,1,1,-1,1,0,-1,1,0,1,Phishing
462,1,-1,1,1,1,-1,1,1,-1,1,1,1,1,0,0,-1,-1,1,0,1,1,1,1,-1,1,1,-1,1,-1,1,Phishing
463,-1,-1,-1,1,-1,-1,0,-1,-1,1,1,-1,1,0,0,-1,1,-1,0,1,1,1,1,1,-1,1,-1,-1,1,-1,Phishing
464,1,-1,1,1,1,-1,1,1,-1,1,1,1,1,0,1,-1,1,1,0,1,1,1,1,1,1,1,1,1,0,1,Phishing
465,-1,-1,-1,1,-1,1,-1,1,1,1,1,-1,-1,1,1,-1,1,-1,1,1,1,1,1,1,-1,1,-1,1,1,1,Phishing
466,1,-1,1,1,1,-1,-1,0,-1,1,1,1,1,-1,-1,-1,1,1,0,1,1,1,1,1,1,0,-1,1,0,1,Legitimate
467,1,0,1,1,1,-1,-1,-1,1,1,1,-1,-1,0,0,-1,1,1,0,-1,1,1,1,1,1,0,-1,-1,-1,1,Legitimate
468,1,-1,1,1,1,-1,0,0,-1,1,1,1,1,-1,0,-1,1,1,0,1,1,1,1,1,1,-1,-1,1,0,1,Legitimate
469,-1,-1,1,1,1,-1,-1,-1,1,1,1,1,-1,-1,-1,-1,1,1,1,1,1,1,1,-1,1,-1,-1,1,1,1,Legitimate
470,1,1,1,-1,1,-1,-1,-1,-1,1,1,1,-1,-1,0,1,1,1,0,1,1,1,1,-1,1,-1,-1,1,0,1,Legitimate
471,1,-1,1,1,1,1,-1,1,-1,1,1,1,1,0,0,-1,1,1,0,1,1,1,1,-1,1,1,-1,1,-1,1,Phishing
472,1,-1,1,-1,1,-1,0,1,-1,-1,-1,1,1,0,-1,-1,-1,1,0,-1,1,-1,1,-1,1,0,1,1,0,1,Phishing
473,1,-1,1,1,1,-1,1,1,-1,1,1,1,1,1,1,-1,1,1,0,1,1,1,1,1,1,1,-1,1,0,1,Phishing
474,1,-1,1,1,1,-1,0,1,-1,1,1,1,1,0,1,-1,1,1,0,1,1,1,1,-1,1,1,1,1,1,1,Phishing
475,1,-1,1,1,1,-1,1,-1,1,1,1,1,-1,0,0,-1,1,1,0,1,1,1,1,1,-1,1,-1,-1,1,1,Legitimate
476,1,-1,1,1,1,-1,0,-1,-1,1,1,1,1,0,-1,1,1,1,0,1,1,1,1,-1,1,0,1,1,0,1,Legitimate
477,1,1,1,1,1,-1,1,1,-1,1,1,1,1,0,0,1,1,1,0,1,1,1,1,1,1,1,-1,1,0,1,Phishing
478,-1,-1,1,1,1,-1,-1,-1,1,1,1,1,1,-1,0,-1,1,1,0,1,1,1,1,1,1,0,-1,1,0,1,Legitimate
479,1,-1,-1,1,1,-1,-1,1,1,1,1,1,1,0,0,-1,1,1,0,1,1,1,1,1,1,1,-1,1,0,-1,Phishing
480,-1,-1,1,1,1,-1,1,0,-1,-1,-1,1,-1,-1,-1,-1,-1,1,0,1,1,-1,1,-1,1,1,-1,1,1,1,Legitimate
481,1,-1,1,1,1,1,1,1,-1,-1,1,1,1,1,0,-1,1,1,0,1,1,-1,1,-1,1,-1,-1,1,0,1,Phishing
482,1,-1,1,1,1,-1,0,1,1,1,1,1,-1,0,1,-1,1,1,0,1,1,1,1,-1,1,1,-1,1,0,1,Phishing
483,1,-1,1,-1,1,-1,0,-1,1,1,1,1,-1,-1,-1,-1,1,-1,0,1,1,1,1,-1,1,0,1,1,0,1,Legitimate
484,-1,-1,-1,1,-1,-1,0,-1,-1,1,1,-1,1,-1,1,-1,1,-1,1,1,1,-1,1,-1,-1,-1,-1,1,1,-1,Legitimate
485,1,-1,1,-1,1,1,1,1,-1,-1,-1,1,1,1,-1,-1,-1,1,0,1,1,-1,1,1,1,-1,-1,1,1,1,Phishing
486,1,-1,1,1,1,-1,0,-1,-1,1,1,1,1,0,0,-1,1,1,0,1,1,1,1,-1,-1,1,-1,1,0,1,Legitimate
487,1,-1,1,1,1,-1,0,-1,1,1,1,1,-1,-1,-1,-1,1,1,0,1,1,1,1,-1,-1,-1,-1,-1,1,1,Legitimate
488,1,-1,1,1,1,-1,-1,-1,1,1,1,1,-1,1,-1,-1,1,1,0,1,1,1,1,1,1,-1,-1,-1,0,1,Legitimate
489,1,1,1,1,1,-1,0,1,-1,1,1,1,1,0,0,1,1,1,0,1,1,1,1,-1,-1,1,1,1,0,1,Phishing
490,1,-1,1,-1,1,1,-1,1,-1,1,1,1,1,1,1,-1,1,1,0,1,1,1,1,1,1,1,-1,1,0,1,Phishing
491,1,-1,1,1,1,-1,-1,1,-1,1,1,1,1,0,1,-1,1,1,0,1,1,1,1,-1,1,0,-1,1,0,1,Phishing
492,1,-1,1,1,1,-1,1,1,-1,1,1,1,-1,1,-1,-1,1,1,0,1,1,1,1,1,1,0,1,1,0,1,Phishing
493,1,-1,1,1,1,-1,0,1,1,1,1,1,-1,0,1,-1,1,1,0,1,1,1,1,-1,1,1,-1,1,0,1,Phishing
494,1,-1,1,1,1,-1,1,1,1,1,1,1,-1,1,1,1,1,1,0,1,1,1,1,1,1,0,-1,1,0,1,Phishing
495,1,-1,1,1,1,-1,-1,1,-1,1,1,1,1,0,0,-1,1,1,0,1,1,1,1,1,1,0,-1,1,0,1,Phishing
496,1,-1,1,1,1,-1,0,-1,-1,1,1,1,1,-1,0,-1,1,1,0,1,1,1,1,-1,1,-1,-1,1,0,1,Legitimate
497,-1,-1,1,1,1,-1,1,1,1,1,1,1,-1,0,1,-1,1,1,0,1,1,1,1,1,1,0,-1,1,1,1,Phishing
498,1,1,1,1,1,1,-1,1,-1,-1,-1,1,1,0,-1,1,-1,1,0,-1,-1,-1,-1,1,-1,1,-1,1,1,-1,Phishing
499,-1,-1,1,-1,1,-1,0,-1,-1,-1,-1,1,1,0,-1,-1,-1,1,0,1,1,-1,1,1,1,1,-1,-1,0,1,Legitimate
500,1,-1,1,1,1,-1,0,0,-1,1,1,1,-1,-1,-1,-1,1,1,0,1,1,1,1,1,-1,-1,-1,1,1,1,Legitimate
501,1,1,1,1,1,-1,1,1,-1,1,1,1,1,1,-1,1,1,1,0,1,1,1,1,1,1,1,1,-1,0,1,Phishing
502,1,-1,1,1,1,-1,1,1,-1,1,1,-1,1,0,1,-1,1,1,0,1,1,1,1,1,1,0,-1,1,-1,1,Phishing
503,-1,-1,1,1,1,-1,1,1,1,1,1,1,-1,0,0,0,1,1,0,1,1,1,1,-1,1,1,-1,1,0,1,Phishing
504,1,-1,1,1,1,-1,-1,1,-1,1,1,1,1,1,-1,-1,1,1,0,1,1,1,1,1,-1,1,-1,1,1,1,Phishing
505,1,-1,1,1,1,-1,0,0,-1,-1,-1,1,-1,-1,-1,-1,-1,1,0,1,1,-1,1,1,-1,1,-1,1,1,1,Legitimate
506,1,0,1,1,1,-1,-1,-1,-1,1,1,-1,1,-1,0,-1,1,1,0,1,1,1,1,-1,-1,-1,-1,1,1,1,Legitimate
507,1,1,1,1,1,-1,-1,1,-1,1,1,1,1,1,1,1,1,1,0,1,1,1,1,1,1,1,1,1,0,1,Phishing
508,1,-1,1,1,1,-1,-1,1,-1,-1,-1,1,1,0,0,-1,-1,1,0,-1,1,-1,-1,1,-1,1,-1,1,1,-1,Phishing
509,1,1,1,1,1,-1,1,1,-1,1,1,1,1,1,0,1,1,1,0,1,1,1,1,1,1,1,-1,1,0,1,Phishing
510,-1,-1,1,-1,1,1,1,1,-1,-1,-1,1,1,1,-1,-1,-1,1,0,1,1,-1,1,1,1,-1,-1,1,1,1,Phishing
511,-1,-1,-1,1,-1,-1,1,1,1,1,1,-1,-1,0,0,-1,1,-1,1,1,1,1,1,1,-1,1,-1,1,1,1,Phishing
512,1,-1,1,1,1,-1,0,-1,1,1,1,1,1,-1,0,-1,1,1,0,1,1,1,1,-1,1,-1,-1,1,0,1,Legitimate
513,1,-1,1,-1,1,-1,0,0,-1,1,1,1,1,-1,-1,-1,1,1,0,1,1,1,1,1,-1,0,-1,1,0,1,Legitimate
514,-1,-1,1,1,1,-1,0,1,1,1,1,1,-1,0,0,1,1,1,1,1,1,1,1,-1,1,1,1,1,0,1,Phishing
515,1,-1,1,-1,1,-1,-1,-1,-1,1,1,1,1,-1,0,-1,1,1,0,1,1,1,1,-1,1,-1,-1,1,0,1,Legitimate
516,1,-1,1,1,1,-1,1,1,-1,1,1,1,1,1,1,1,1,1,0,1,1,1,1,1,1,-1,-1,1,0,-1,Phishing
517,1,-1,1,1,1,-1,-1,-1,1,-1,-1,1,-1,-1,0,-1,-1,1,0,-1,-1,-1,-1,-1,-1,-1,-1,1,0,-1,Legitimate
518,-1,-1,-1,1,-1,-1,1,-1,-1,1,1,-1,1,0,0,-1,1,-1,1,1,1,1,1,1,-1,1,1,1,1,1,Phishing
519,1,-1,1,1,1,1,-1,1,-1,1,1,1,1,1,1,-1,1,1,0,1,1,1,1,-1,1,1,-1,1,0,1,Phishing
520,1,-1,1,1,1,-1,0,1,-1,1,1,1,1,1,0,-1,1,1,0,1,1,1,1,-1,1,1,1,1,0,1,Phishing
521,1,-1,1,1,1,1,0,1,-1,1,1,1,1,1,-1,1,1,1,0,1,1,1,1,1,1,1,-1,1,0,1,Phishing
522,1,-1,1,1,1,-1,0,-1,1,1,1,1,1,0,0,1,1,1,0,1,1,1,1,-1,1,1,-1,1,1,1,Phishing
523,1,-1,1,1,1,-1,1,1,-1,-1,-1,1,-1,1,0,-1,-1,1,0,1,1,-1,-1,1,1,1,-1,1,0,1,Phishing
524,1,0,1,1,1,-1,-1,-1,-1,1,1,-1,1,-1,0,-1,1,1,0,1,1,1,1,-1,-1,-1,-1,1,1,1,Legitimate
525,-1,-1,1,1,1,-1,1,1,-1,1,1,1,-1,0,1,-1,1,1,0,1,1,1,1,-1,1,-1,1,1,1,1,Phishing
526,1,1,1,1,1,1,-1,1,-1,1,1,-1,1,0,0,1,1,1,0,1,1,1,1,-1,1,1,1,1,-1,1,Phishing
527,1,0,-1,1,1,-1,1,1,-1,1,1,-1,1,0,1,-1,1,1,0,1,1,1,1,1,-1,1,1,1,0,1,Phishing
528,1,1,1,1,1,-1,0,1,-1,1,1,1,1,1,0,1,1,1,0,1,1,1,1,1,-1,1,-1,1,1,1,Phishing
529,1,-1,1,1,1,-1,0,1,-1,1,1,1,-1,0,-1,-1,1,1,1,1,1,1,1,-1,1,0,1,1,0,1,Legitimate
530,-1,-1,1,1,1,-1,-1,-1,1,1,1,1,-1,-1,-1,0,1,1,0,1,1,1,1,1,1,1,-1,1,0,1,Legitimate
531,1,-1,1,1,1,1,0,-1,-1,1,1,1,1,1,-1,-1,1,1,0,1,1,1,1,1,1,0,-1,1,0,1,Phishing
532,1,-1,1,1,1,-1,-1,-1,-1,1,1,1,1,-1,0,-1,1,1,0,1,1,1,1,-1,-1,1,-1,1,1,1,Legitimate
533,1,-1,1,1,1,-1,-1,-1,-1,1,1,1,1,-1,0,-1,1,1,0,1,1,1,1,1,1,1,-1,1,0,1,Legitimate
534,1,-1,1,1,1,-1,-1,1,-1,1,1,1,1,0,1,0,1,1,0,1,1,1,1,-1,1,1,-1,1,0,1,Phishing
535,1,-1,1,1,-1,-1,1,1,1,1,1,1,-1,1,1,-1,1,1,0,1,1,1,1,1,1,1,1,-1,0,-1,Phishing
536,1,1,1,1,1,1,1,1,-1,1,1,1,1,0,1,1,1,1,0,1,1,1,1,1,1,-1,-1,1,1,1,Phishing
537,1,-1,1,1,1,-1,-1,-1,-1,1,1,1,-1,-1,-1,-1,1,1,0,1,1,1,1,1,1,-1,-1,1,0,1,Legitimate
538,1,-1,1,1,1,-1,1,0,-1,1,1,1,-1,-1,0,-1,1,1,0,1,1,1,1,-1,1,-1,-1,1,0,1,Legitimate
539,1,-1,1,1,1,-1,0,1,1,1,1,1,-1,1,1,-1,1,1,0,1,1,1,1,-1,1,1,-1,1,0,1,Phishing
540,1,-1,1,-1,1,-1,0,-1,1,1,1,1,1,-1,1,-1,-1,-1,0,1,1,1,1,-1,1,1,-1,1,1,-1,Legitimate
541,1,-1,1,1,1,-1,-1,1,-1,-1,1,1,-1,0,-1,-1,1,1,0,-1,1,-1,-1,-1,-1,1,-1,1,-1,1,Legitimate
542,-1,1,1,1,1,-1,1,0,-1,1,1,1,1,-1,0,-1,1,1,0,1,1,1,1,1,1,0,1,1,1,-1,Legitimate
543,-1,-1,1,1,1,-1,-1,1,-1,1,1,1,1,0,1,1,1,1,0,1,1,1,1,1,1,1,-1,1,-1,1,Phishing
544,-1,-1,-1,1,1,-1,0,0,-1,1,1,-1,-1,-1,1,-1,-1,-1,0,1,1,1,1,1,-1,-1,-1,1,0,-1,Legitimate
545,1,1,1,1,1,-1,1,1,-1,1,1,1,1,0,1,-1,1,1,0,1,1,1,1,1,1,1,1,1,0,1,Phishing
546,1,-1,1,1,1,-1,-1,-1,1,1,1,1,1,0,0,-1,1,1,0,1,1,1,1,-1,1,-1,1,-1,0,1,Legitimate
547,1,-1,1,1,1,-1,0,1,1,1,1,1,-1,-1,-1,-1,1,1,0,1,1,1,1,-1,1,1,1,1,0,1,Legitimate
548,-1,1,1,-1,1,1,1,1,-1,-1,-1,1,1,1,1,1,-1,1,0,-1,1,-1,-1,1,1,1,1,1,1,1,Phishing
549,-1,1,1,-1,1,1,1,1,-1,1,1,1,1,1,-1,-1,-1,-1,1,1,1,1,1,1,1,1,-1,1,1,1,Phishing
550,1,-1,1,1,1,-1,0,1,-1,-1,-1,1,1,0,-1,-1,-1,1,0,-1,-1,-1,-1,1,1,1,-1,1,0,-1,Phishing
551,1,-1,1,1,1,-1,-1,-1,1,1,1,1,-1,0,-1,-1,1,1,0,1,1,1,1,-1,-1,-1,-1,-1,1,1,Legitimate
552,1,1,1,1,1,-1,1,1,-1,-1,-1,1,1,1,0,0,1,-1,0,-1,1,-1,1,1,1,1,-1,1,1,1,Phishing
553,-1,1,1,1,1,-1,1,0,-1,1,1,1,1,-1,-1,-1,1,1,0,1,1,1,1,1,1,-1,-1,1,0,1,Legitimate
554,-1,-1,1,1,1,-1,1,1,-1,1,1,1,1,0,1,-1,1,1,0,-1,1,1,1,1,1,1,-1,1,0,1,Phishing
555,-1,-1,1,1,1,-1,1,0,-1,-1,1,1,1,-1,1,-1,1,1,0,1,1,-1,1,-1,1,1,-1,1,1,1,Legitimate
556,-1,-1,1,1,1,-1,0,-1,1,1,1,1,-1,0,1,-1,1,1,0,1,1,1,1,-1,1,1,1,1,1,1,Legitimate
557,-1,-1,1,1,1,-1,1,1,1,1,1,1,-1,1,-1,-1,1,1,0,1,1,1,1,-1,1,-1,-1,1,1,1,Phishing
558,-1,0,1,-1,1,-1,0,0,1,1,1,1,-1,-1,-1,-1,-1,-1,0,1,1,1,1,-1,1,1,1,1,1,-1,Legitimate
559,1,-1,1,1,1,1,0,1,-1,1,1,1,1,1,1,-1,1,1,0,1,1,1,1,-1,1,1,-1,1,0,1,Phishing
560,1,-1,1,1,1,-1,0,-1,1,1,1,1,-1,-1,-1,-1,1,1,0,1,1,1,1,-1,1,-1,-1,1,0,1,Legitimate
561,-1,-1,1,-1,1,-1,0,1,-1,-1,-1,1,1,0,0,1,-1,1,0,1,1,-1,-1,-1,1,1,-1,1,1,1,Phishing
562,1,-1,1,1,1,1,0,1,-1,1,1,1,1,1,-1,-1,1,1,0,1,1,1,1,-1,1,0,-1,1,0,1,Phishing
563,1,-1,1,1,1,-1,0,1,-1,1,1,1,1,0,0,-1,1,1,0,1,1,1,1,1,1,1,-1,1,0,1,Phishing
564,1,-1,1,1,1,-1,1,1,-1,-1,-1,1,1,0,-1,-1,-1,1,0,-1,1,-1,-1,1,1,1,1,1,1,-1,Phishing
565,1,1,-1,1,1,-1,0,-1,1,1,1,1,-1,-1,-1,-1,1,1,0,1,1,1,1,-1,-1,0,-1,-1,1,1,Legitimate
566,-1,-1,-1,1,-1,-1,0,-1,1,-1,1,-1,-1,-1,1,-1,1,-1,0,-1,1,-1,-1,-1,-1,-1,-1,-1,1,-1,Legitimate
567,1,-1,1,1,1,-1,1,-1,1,1,1,1,-1,0,-1,-1,1,1,0,1,1,1,1,1,-1,0,-1,1,1,1,Legitimate
568,1,-1,1,1,1,-1,0,1,-1,1,1,1,-1,0,1,-1,1,1,0,1,1,1,1,-1,-1,1,1,1,1,1,Phishing
569,1,-1,1,1,1,-1,1,1,-1,1,1,1,1,0,0,-1,1,1,0,1,1,1,1,1,1,1,-1,1,0,1,Phishing
570,1,-1,1,1,1,-1,-1,1,-1,1,1,1,1,1,0,-1,1,1,0,1,1,1,1,1,1,1,1,-1,0,1,Phishing
571,1,-1,1,1,1,-1,-1,-1,-1,1,1,1,1,0,0,-1,1,1,0,1,1,1,1,-1,1,1,-1,-1,0,1,Legitimate
572,1,-1,1,1,1,-1,1,1,-1,1,1,1,1,1,1,-1,1,1,0,1,1,1,1,1,1,-1,-1,1,0,-1,Phishing
573,-1,-1,-1,1,-1,1,1,1,-1,1,1,-1,1,0,0,-1,1,-1,1,1,1,1,1,-1,-1,-1,-1,1,1,1,Phishing
574,1,-1,1,-1,1,-1,0,0,-1,1,1,1,1,-1,0,-1,1,1,0,1,1,1,1,1,-1,-1,-1,-1,0,1,Legitimate
575,1,-1,1,1,1,-1,-1,-1,1,1,1,1,-1,0,0,-1,1,1,0,1,1,1,1,1,-1,1,-1,1,1,1,Legitimate
576,1,-1,1,1,1,-1,0,1,-1,1,1,1,1,0,0,-1,1,1,0,1,1,1,1,-1,1,1,1,1,0,1,Phishing
577,1,1,1,-1,1,1,-1,1,-1,-1,-1,-1,1,1,-1,-1,-1,1,0,1,1,-1,-1,1,1,1,-1,1,0,1,Phishing
578,1,-1,1,1,1,-1,-1,-1,-1,1,1,1,1,0,0,-1,1,1,0,1,1,1,1,-1,1,1,-1,-1,0,1,Legitimate
579,1,-1,1,1,1,-1,1,1,1,1,1,1,1,1,0,1,1,1,0,1,1,1,1,-1,1,1,-1,1,0,1,Phishing
580,1,1,1,1,1,-1,-1,-1,-1,1,1,1,1,-1,0,1,1,1,0,1,1,1,1,-1,-1,-1,-1,1,0,1,Legitimate
581,1,-1,1,1,1,1,1,1,1,1,1,1,-1,1,1,1,1,1,0,1,1,1,1,1,1,-1,-1,1,0,-1,Phishing
582,1,-1,1,1,1,-1,0,1,1,1,1,1,-1,-1,1,-1,1,1,0,1,1,1,1,-1,1,0,-1,1,0,1,Legitimate
583,-1,-1,1,1,1,-1,1,1,1,1,1,-1,-1,0,1,0,-1,1,0,1,1,1,1,-1,1,1,-1,1,0,1,Phishing
584,-1,-1,1,1,1,-1,0,-1,1,1,1,1,-1,-1,0,0,1,1,0,1,1,1,1,-1,1,0,1,1,0,1,Legitimate
585,1,-1,1,1,1,-1,-1,-1,-1,1,1,1,-1,0,-1,-1,1,1,0,1,1,1,1,-1,-1,0,-1,1,0,1,Legitimate
586,1,1,1,-1,1,-1,0,0,-1,1,1,1,1,-1,0,1,1,1,0,1,1,1,1,1,-1,-1,-1,1,0,1,Legitimate
587,-1,-1,1,1,1,-1,-1,-1,-1,1,1,1,-1,-1,0,-1,1,1,0,1,1,1,1,1,1,1,-1,1,1,-1,Legitimate
588,1,-1,1,1,1,-1,-1,1,-1,1,1,1,1,1,1,-1,1,1,0,1,1,1,1,1,1,1,1,1,0,1,Phishing
589,-1,-1,1,1,1,-1,1,-1,1,1,1,1,1,0,-1,-1,1,1,0,1,1,1,1,1,1,1,-1,-1,0,1,Legitimate
590,1,-1,1,-1,1,-1,0,-1,1,1,1,1,-1,-1,-1,-1,1,1,1,1,1,1,1,-1,1,-1,1,1,0,1,Legitimate
591,-1,1,-1,1,-1,-1,1,1,-1,1,1,-1,1,0,-1,1,1,-1,1,1,1,1,1,1,1,0,-1,1,1,1,Phishing
592,-1,-1,-1,1,-1,1,-1,1,-1,1,1,-1,1,0,0,-1,1,-1,1,1,1,1,1,-1,-1,1,-1,1,1,1,Phishing
593,1,-1,1,1,1,-1,0,1,-1,1,1,1,1,0,1,-1,-1,1,0,1,1,1,1,-1,-1,1,-1,1,-1,1,Phishing
594,-1,1,-1,1,-1,1,0,-1,-1,-1,-1,-1,1,1,1,1,-1,-1,1,1,-1,-1,-1,-1,-1,0,-1,1,1,-1,Phishing
595,1,-1,1,1,1,-1,-1,-1,-1,1,1,1,-1,-1,1,-1,1,1,0,1,1,1,1,1,-1,-1,-1,1,1,1,Legitimate
596,1,1,1,1,1,-1,0,-1,-1,1,1,1,1,0,-1,-1,1,1,0,1,1,1,1,1,1,0,1,1,0,1,Legitimate
597,1,-1,1,1,1,-1,0,1,1,1,1,-1,-1,0,-1,-1,1,-1,0,1,1,1,1,-1,1,0,-1,1,1,-1,Legitimate
598,1,-1,1,1,1,-1,0,0,1,1,1,1,-1,0,-1,-1,1,1,0,1,1,1,1,1,-1,-1,-1,1,1,1,Legitimate
599,1,-1,1,1,1,-1,-1,1,1,1,1,1,-1,0,0,-1,1,1,0,1,1,1,1,1,1,1,1,1,0,1,Phishing
600,1,1,-1,-1,-1,1,1,1,-1,1,1,-1,-1,0,1,-1,1,-1,0,1,1,1,1,1,-1,1,1,-1,1,1,Phishing
601,1,1,1,1,1,-1,-1,1,-1,-1,1,1,1,0,-1,0,1,1,0,-1,1,-1,1,1,1,1,-1,1,0,1,Phishing
602,-1,-1,1,1,1,-1,0,-1,1,-1,1,1,-1,-1,1,-1,1,1,0,-1,1,-1,1,-1,1,-1,1,1,1,1,Legitimate
603,1,1,1,1,1,-1,1,1,-1,1,1,-1,1,0,1,0,1,1,0,1,1,1,1,1,1,1,1,1,-1,-1,Phishing
604,1,-1,1,1,1,-1,0,0,1,1,1,1,-1,-1,-1,-1,1,1,0,1,1,1,1,1,-1,-1,-1,1,1,1,Legitimate
605,1,-1,1,-1,1,-1,1,1,-1,-1,-1,1,1,1,1,-1,1,-1,0,-1,1,-1,1,1,1,0,-1,1,1,1,Phishing
606,-1,-1,1,1,1,-1,0,-1,-1,1,1,1,-1,0,-1,-1,1,1,0,1,1,1,1,-1,1,1,-1,1,1,1,Legitimate
607,1,1,1,1,1,-1,-1,-1,-1,1,1,1,1,-1,0,1,1,1,0,1,1,1,1,-1,1,-1,-1,1,0,-1,Legitimate
608,1,-1,1,1,1,-1,0,-1,-1,1,1,1,1,1,1,-1,1,1,0,1,1,1,1,1,1,1,1,1,0,1,Phishing
609,1,-1,1,1,1,-1,1,1,-1,1,1,1,1,0,-1,-1,1,1,0,1,1,1,1,-1,-1,0,-1,-1,0,1,Legitimate
610,-1,-1,1,-1,1,-1,1,1,-1,-1,-1,1,1,1,-1,-1,-1,1,0,-1,-1,-1,-1,1,1,1,-1,1,1,1,Legitimate
611,1,1,1,1,1,-1,0,1,-1,-1,1,1,1,0,0,1,1,1,0,-1,1,-1,-1,-1,-1,1,-1,1,1,1,Phishing
612,1,-1,1,1,1,-1,-1,1,1,1,1,1,-1,0,-1,-1,1,1,0,1,1,1,1,-1,1,0,-1,1,0,1,Legitimate
613,1,-1,1,1,1,-1,-1,-1,-1,1,1,1,-1,-1,-1,-1,1,1,0,1,1,1,1,-1,-1,0,-1,1,0,1,Legitimate
614,1,-1,1,-1,1,-1,0,-1,1,-1,-1,1,-1,0,0,0,-1,1,1,1,1,-1,1,-1,1,-1,1,1,0,1,Legitimate
615,-1,-1,1,1,1,-1,1,0,1,1,1,1,-1,-1,-1,-1,1,1,0,1,1,1,1,-1,1,0,-1,1,1,1,Legitimate
616,-1,-1,1,1,1,-1,0,0,-1,1,1,1,1,-1,-1,0,1,1,0,1,1,1,1,1,1,0,-1,1,0,1,Legitimate
617,-1,1,-1,1,-1,1,1,1,-1,1,1,-1,1,0,0,-1,1,-1,1,1,1,1,1,1,-1,1,1,1,1,1,Phishing
618,1,-1,1,1,1,-1,-1,-1,1,1,1,1,-1,0,-1,-1,1,1,0,1,1,1,1,-1,1,0,-1,1,0,1,Legitimate
619,1,-1,-1,-1,1,-1,-1,1,-1,1,1,1,-1,0,1,1,1,1,1,1,1,1,1,-1,1,1,1,1,0,1,Phishing
620,-1,-1,1,1,1,-1,1,-1,1,1,1,1,1,0,0,-1,1,1,0,1,1,1,1,1,1,1,-1,1,1,1,Legitimate
621,1,-1,1,-1,1,-1,1,-1,-1,-1,-1,1,1,-1,0,-1,-1,1,0,1,1,1,1,1,1,1,-1,-1,0,1,Legitimate
622,1,1,1,1,1,-1,-1,0,-1,1,1,1,1,-1,-1,-1,1,1,0,1,1,1,1,1,1,1,1,-1,0,-1,Legitimate
623,-1,-1,1,1,1,-1,-1,1,-1,1,1,1,1,0,1,0,1,1,0,1,1,1,1,-1,1,1,-1,1,1,1,Phishing
624,-1,-1,1,1,1,-1,1,1,-1,-1,-1,1,-1,0,1,1,-1,1,0,1,1,-1,1,1,1,1,-1,1,1,1,Phishing
625,1,-1,1,1,1,-1,0,-1,1,1,1,1,-1,0,-1,-1,1,1,0,1,1,1,1,1,-1,1,-1,1,1,1,Legitimate
626,-1,-1,1,1,1,1,1,1,-1,1,1,1,-1,1,0,-1,1,1,0,1,1,1,1,1,1,0,-1,1,1,1,Phishing
627,1,-1,1,1,1,-1,1,1,1,1,1,1,-1,0,-1,1,1,1,0,1,1,1,1,-1,1,-1,1,1,0,1,Phishing
628,1,-1,1,1,1,-1,0,-1,1,1,1,1,-1,-1,-1,1,1,-1,0,1,1,1,1,1,1,0,-1,1,0,-1,Legitimate
629,-1,-1,1,1,1,-1,0,0,-1,1,1,1,-1,-1,-1,-1,1,-1,1,1,1,1,1,-1,1,-1,1,1,0,-1,Legitimate
630,1,1,1,1,1,-1,-1,1,-1,1,1,1,1,0,0,1,1,1,0,1,1,1,1,1,1,1,-1,1,0,1,Phishing
631,1,-1,1,1,1,-1,-1,-1,-1,-1,-1,1,-1,-1,0,-1,-1,1,0,1,1,-1,1,-1,-1,0,-1,1,1,-1,Legitimate
632,1,-1,1,1,1,-1,1,1,-1,1,1,1,1,0,0,-1,1,1,0,1,1,1,1,1,1,1,-1,1,0,1,Phishing
633,-1,1,-1,1,-1,1,0,1,-1,1,1,-1,1,0,-1,1,1,-1,1,1,1,1,1,-1,-1,1,-1,1,1,-1,Phishing
634,-1,-1,1,1,1,-1,0,-1,1,1,1,1,1,0,0,1,1,1,0,1,1,1,1,-1,1,1,-1,1,1,1,Phishing
635,1,-1,1,1,1,-1,-1,-1,1,1,1,1,-1,-1,0,-1,1,1,0,1,1,1,1,-1,1,-1,-1,1,0,1,Legitimate
636,1,-1,1,1,1,-1,0,1,-1,1,1,1,-1,0,0,1,1,1,0,1,1,1,1,-1,1,1,1,1,0,1,Phishing
637,1,-1,1,1,1,-1,0,-1,-1,1,1,1,1,-1,0,0,-1,1,0,1,1,1,1,-1,1,1,1,1,-1,1,Legitimate
638,1,-1,1,1,1,-1,0,-1,1,1,1,1,-1,0,-1,-1,1,1,1,1,1,1,1,-1,1,0,-1,1,0,1,Legitimate
639,-1,-1,1,1,1,1,1,1,-1,1,1,1,1,0,-1,1,1,1,0,1,1,1,1,1,1,-1,-1,1,1,1,Phishing
640,1,1,1,1,1,-1,-1,-1,-1,1,1,1,1,-1,-1,1,1,1,0,1,1,1,1,-1,-1,-1,-1,1,0,1,Legitimate
641,1,1,1,1,1,-1,0,1,-1,1,1,1,1,1,1,1,1,1,1,1,1,1,1,1,1,1,-1,1,0,1,Phishing
642,1,-1,1,1,1,-1,1,1,-1,-1,-1,1,1,0,-1,-1,-1,1,0,1,-1,-1,-1,1,1,1,-1,1,0,-1,Phishing
643,1,-1,1,1,1,-1,-1,-1,1,1,1,1,-1,0,-1,-1,1,1,0,1,1,1,1,1,-1,1,-1,-1,1,1,Legitimate
644,-1,1,1,1,1,-1,0,1,-1,1,1,1,1,0,-1,-1,-1,1,0,1,1,1,1,1,1,1,1,1,0,1,Phishing
645,-1,-1,-1,1,-1,1,-1,1,-1,1,1,-1,1,0,0,-1,1,-1,1,1,1,1,1,-1,-1,1,-1,1,1,1,Phishing
646,1,-1,1,1,1,1,1,1,-1,1,1,1,1,1,0,-1,1,1,0,1,1,1,1,-1,1,1,1,1,0,1,Phishing
647,1,1,1,1,1,-1,1,1,-1,1,1,1,1,1,-1,1,1,1,0,1,1,1,1,1,-1,1,-1,1,1,1,Phishing
648,1,-1,1,1,1,-1,-1,1,-1,1,1,1,1,0,0,-1,1,1,0,1,1,1,1,-1,1,1,1,1,0,1,Phishing
649,1,-1,1,1,1,-1,1,1,-1,1,1,1,1,0,-1,1,1,1,0,1,1,1,1,1,1,1,-1,1,0,1,Phishing
650,1,1,1,1,1,-1,-1,-1,-1,1,1,1,1,-1,-1,1,1,1,0,1,1,1,1,1,-1,-1,-1,1,1,1,Legitimate
651,1,1,1,1,1,-1,0,0,-1,-1,-1,1,-1,-1,0,1,-1,1,0,1,1,-1,1,1,-1,-1,-1,1,0,-1,Legitimate
652,-1,1,1,1,1,-1,0,-1,-1,-1,1,1,1,-1,1,-1,1,1,0,1,1,-1,1,1,1,-1,1,1,0,-1,Legitimate
653,-1,-1,1,1,1,-1,1,1,-1,1,1,1,1,0,0,-1,1,1,0,1,1,1,1,1,1,1,-1,1,1,1,Phishing
654,-1,1,1,-1,1,-1,1,0,-1,1,1,1,1,-1,-1,-1,1,1,0,1,1,1,1,1,1,0,-1,1,0,1,Legitimate
655,1,-1,1,1,1,1,1,1,-1,1,1,1,1,0,0,-1,1,1,0,1,1,1,1,1,1,1,-1,1,0,1,Phishing
656,1,-1,1,1,1,-1,-1,1,-1,1,1,1,-1,0,-1,-1,-1,1,0,1,1,1,1,1,1,-1,-1,1,0,1,Phishing
657,-1,-1,1,1,-1,-1,0,-1,1,1,1,1,-1,-1,0,-1,1,1,0,1,1,1,1,-1,1,-1,1,1,0,1,Legitimate
658,-1,-1,1,1,1,1,1,1,1,-1,-1,1,-1,1,-1,-1,-1,1,0,1,1,-1,1,1,1,-1,-1,1,1,1,Phishing
659,-1,-1,1,1,1,-1,-1,-1,1,1,1,1,1,0,-1,-1,1,1,0,1,1,1,1,1,1,1,-1,-1,0,1,Legitimate
660,1,-1,1,1,1,-1,1,1,-1,1,1,1,1,1,1,-1,1,1,0,1,1,1,1,1,1,1,1,1,0,1,Phishing
661,1,-1,1,1,1,-1,-1,0,-1,1,1,1,1,-1,-1,-1,1,1,0,1,1,1,1,1,1,0,-1,1,0,1,Legitimate
662,1,-1,1,1,1,-1,-1,-1,-1,1,1,1,-1,0,-1,-1,1,1,0,1,1,1,1,1,-1,-1,1,1,0,1,Legitimate
663,1,1,-1,1,1,-1,1,-1,-1,1,1,1,1,-1,-1,-1,-1,-1,0,1,1,1,1,-1,-1,-1,-1,-1,0,-1,Legitimate
664,1,1,1,1,1,1,1,1,-1,1,1,1,1,0,1,1,1,1,0,1,1,1,1,1,1,-1,-1,1,1,1,Phishing
665,1,-1,1,1,1,-1,-1,-1,1,1,1,1,1,-1,0,-1,1,1,0,1,1,1,1,-1,1,0,-1,1,0,1,Legitimate
666,1,1,1,1,1,1,-1,1,-1,1,1,1,1,1,-1,1,1,1,0,1,1,1,1,1,1,1,-1,1,1,1,Phishing
667,1,-1,1,1,1,-1,-1,1,1,1,1,-1,-1,1,1,-1,1,1,0,1,1,1,1,1,-1,1,-1,1,1,1,Phishing
668,1,-1,1,1,1,-1,-1,0,-1,1,1,1,1,-1,1,-1,1,1,0,1,1,1,1,1,1,0,-1,1,0,1,Legitimate
669,-1,-1,1,1,1,-1,1,1,-1,-1,-1,1,-1,1,1,-1,-1,1,0,1,1,-1,1,-1,1,1,-1,1,1,1,Phishing
670,1,-1,1,1,1,-1,-1,1,1,-1,-1,1,-1,0,0,-1,-1,1,0,1,1,-1,1,1,-1,1,1,1,1,-1,Phishing
671,1,-1,1,1,1,-1,1,1,-1,1,1,1,1,1,-1,-1,1,1,0,1,1,1,1,-1,1,1,1,1,1,1,Phishing
672,1,1,1,1,1,-1,-1,1,-1,1,1,1,1,1,0,1,1,1,0,1,1,1,1,1,1,1,-1,1,0,1,Phishing
673,1,-1,1,1,1,-1,0,0,-1,1,1,1,1,-1,0,-1,1,1,0,1,1,1,1,1,1,-1,-1,1,0,1,Legitimate
674,-1,-1,1,-1,1,-1,-1,-1,1,-1,-1,-1,-1,-1,0,-1,-1,-1,0,-1,1,-1,1,-1,1,0,1,1,0,1,Legitimate
675,-1,-1,1,1,1,-1,-1,1,-1,1,1,1,1,1,0,-1,1,-1,0,1,1,1,1,1,1,-1,-1,1,1,1,Phishing
676,1,-1,1,1,1,-1,-1,1,-1,1,1,1,-1,0,-1,-1,1,1,0,1,1,1,1,1,1,1,1,1,0,1,Phishing
677,1,-1,1,-1,1,-1,-1,-1,1,1,1,1,-1,0,0,-1,1,1,0,1,1,1,1,-1,-1,1,-1,1,0,1,Legitimate
678,-1,0,-1,1,1,-1,1,1,-1,1,1,1,1,0,1,1,1,1,0,1,1,1,1,-1,1,1,1,1,0,1,Phishing
679,-1,-1,-1,1,-1,-1,-1,-1,-1,1,1,-1,-1,-1,1,-1,1,-1,1,1,1,1,1,-1,1,-1,-1,-1,0,1,Legitimate
680,-1,-1,1,1,1,-1,1,1,1,1,1,1,-1,0,-1,-1,1,1,0,1,1,1,1,1,1,-1,-1,1,1,1,Phishing
681,1,1,1,1,1,-1,0,0,-1,1,1,1,-1,-1,-1,1,1,1,0,1,1,1,1,1,-1,-1,-1,-1,1,1,Legitimate
682,-1,-1,-1,1,-1,1,1,1,-1,1,1,-1,1,1,0,1,1,-1,1,1,1,1,1,1,-1,1,-1,1,1,1,Phishing
683,1,-1,1,1,1,-1,-1,1,1,1,1,1,-1,-1,-1,-1,1,1,0,1,1,1,1,-1,1,1,-1,1,0,1,Legitimate
684,-1,-1,1,1,1,-1,1,0,-1,1,1,1,1,-1,-1,0,1,1,0,1,1,1,1,-1,1,0,-1,1,0,1,Legitimate
685,-1,-1,1,1,1,-1,1,1,-1,-1,-1,1,-1,0,1,1,-1,1,0,1,1,-1,1,-1,1,1,1,1,1,1,Phishing
686,1,-1,1,1,1,-1,0,0,1,-1,-1,1,1,-1,0,-1,-1,1,0,1,1,-1,1,1,-1,0,-1,1,0,-1,Legitimate
687,1,1,1,1,1,-1,-1,1,-1,1,1,1,1,0,0,-1,-1,-1,0,-1,-1,-1,-1,1,1,0,-1,1,0,-1,Phishing
688,-1,-1,1,1,1,-1,-1,-1,1,1,1,1,-1,-1,0,-1,1,1,0,1,1,1,1,1,1,1,-1,1,0,1,Legitimate
689,1,-1,1,1,1,-1,1,1,-1,1,1,1,1,0,0,-1,1,1,0,1,1,1,1,1,1,1,1,1,0,1,Phishing
690,-1,-1,-1,-1,-1,-1,-1,0,1,-1,-1,-1,-1,-1,1,-1,-1,-1,1,1,1,-1,1,1,-1,0,-1,1,1,1,Legitimate
691,1,-1,1,1,1,-1,-1,1,-1,1,1,1,-1,0,-1,-1,1,1,0,1,1,1,1,1,-1,1,-1,1,0,1,Phishing
692,-1,-1,1,1,-1,-1,0,-1,1,1,1,1,-1,-1,0,-1,1,1,0,1,1,1,1,-1,1,-1,-1,1,0,1,Legitimate
693,-1,-1,1,-1,1,-1,0,-1,-1,-1,-1,-1,1,0,0,-1,-1,-1,0,-1,1,-1,1,1,1,1,-1,1,0,1,Legitimate
694,1,-1,1,1,1,-1,-1,1,-1,1,1,1,1,1,0,-1,1,1,0,1,1,1,1,-1,1,1,1,1,0,1,Phishing
695,1,-1,1,1,1,-1,-1,-1,1,1,1,1,-1,-1,-1,-1,1,1,0,1,1,1,1,-1,-1,0,-1,-1,0,1,Legitimate
696,1,-1,1,1,1,-1,0,1,-1,1,1,1,-1,0,0,-1,1,1,0,1,1,1,1,-1,1,1,-1,1,0,1,Phishing
697,1,-1,1,1,1,1,-1,1,-1,-1,1,-1,1,1,1,-1,1,-1,0,-1,1,-1,1,1,1,1,-1,-1,-1,-1,Phishing
698,1,-1,1,-1,-1,-1,0,1,1,1,1,-1,-1,-1,-1,-1,1,1,0,-1,1,1,1,1,-1,-1,-1,-1,1,-1,Legitimate
699,-1,-1,-1,1,-1,-1,0,0,-1,-1,1,-1,1,-1,1,-1,1,-1,0,-1,1,-1,1,1,-1,1,-1,1,0,-1,Legitimate
700,-1,-1,1,1,1,-1,0,-1,1,1,1,1,-1,0,-1,-1,1,1,0,1,1,1,1,1,1,1,-1,-1,0,-1,Legitimate
701,-1,-1,1,-1,1,1,1,1,-1,-1,-1,1,-1,1,1,-1,-1,1,0,-1,-1,-1,-1,1,1,-1,-1,1,1,1,Phishing
702,1,-1,1,1,1,-1,-1,1,1,1,1,1,-1,0,0,1,1,1,0,1,1,1,1,1,1,1,-1,1,0,-1,Phishing
703,1,-1,1,-1,1,-1,0,1,-1,-1,-1,1,1,0,-1,-1,-1,1,0,-1,1,-1,1,1,1,1,-1,1,0,1,Phishing
704,-1,0,-1,1,1,-1,-1,1,-1,1,1,1,1,0,0,-1,1,1,0,-1,1,-1,1,-1,1,0,1,1,1,1,Phishing
705,1,-1,1,1,1,-1,-1,1,-1,-1,-1,1,-1,-1,1,-1,-1,1,0,-1,1,-1,-1,1,1,0,-1,1,0,-1,Legitimate
706,-1,-1,1,1,1,-1,1,1,-1,1,1,1,1,1,-1,-1,1,1,0,1,1,1,1,-1,1,1,-1,1,1,1,Phishing
707,1,-1,1,1,1,-1,1,1,1,-1,1,1,-1,0,1,-1,1,1,0,1,1,-1,1,1,-1,1,-1,1,1,1,Phishing
708,1,-1,1,1,1,-1,-1,-1,-1,-1,1,1,1,0,0,-1,1,1,0,1,1,-1,1,-1,-1,0,1,1,1,1,Legitimate
709,1,-1,1,-1,1,1,1,1,-1,-1,-1,1,1,0,1,-1,-1,1,0,1,1,-1,-1,-1,1,1,-1,1,1,1,Phishing
710,1,-1,1,1,1,-1,0,-1,-1,1,1,1,1,0,0,-1,1,1,0,1,1,1,1,-1,1,1,-1,1,0,1,Phishing
711,-1,-1,-1,-1,-1,-1,1,-1,-1,1,1,-1,1,0,0,0,1,-1,0,1,1,1,1,1,-1,0,-1,-1,1,1,Phishing
712,1,-1,1,1,1,1,0,1,-1,1,1,1,1,0,0,1,1,1,0,1,1,1,1,-1,1,1,-1,1,0,1,Phishing
713,1,-1,1,-1,1,-1,-1,-1,-1,1,1,1,-1,-1,0,-1,1,1,0,1,1,1,1,-1,-1,-1,-1,1,0,1,Legitimate
714,1,-1,1,1,1,-1,0,0,1,1,1,1,-1,-1,-1,-1,1,1,0,1,1,1,1,1,-1,1,-1,-1,0,1,Legitimate
715,-1,-1,1,1,1,-1,-1,0,1,1,1,1,-1,-1,-1,-1,-1,1,0,1,1,1,1,1,1,0,-1,1,1,1,Legitimate
716,-1,-1,1,1,1,-1,0,-1,1,1,1,1,1,-1,0,-1,1,1,0,1,1,1,1,-1,1,-1,-1,1,0,-1,Legitimate
717,-1,-1,1,-1,1,-1,-1,-1,-1,1,1,1,1,-1,-1,-1,1,1,0,1,1,1,1,1,1,1,-1,1,0,1,Legitimate
718,1,-1,1,1,1,-1,-1,1,-1,1,1,1,1,1,0,-1,1,1,0,1,1,1,1,-1,1,0,-1,1,0,1,Phishing
719,1,1,1,1,1,-1,1,1,-1,-1,1,-1,1,0,0,1,1,1,0,-1,1,-1,1,1,1,1,-1,1,-1,1,Phishing
720,1,-1,1,1,1,-1,0,0,-1,1,1,1,-1,0,-1,-1,1,1,1,1,1,1,1,-1,1,1,-1,1,0,1,Legitimate
721,1,-1,1,1,1,-1,0,1,-1,1,1,1,1,0,1,-1,1,1,0,1,1,1,1,-1,1,1,-1,1,0,1,Phishing
722,1,-1,1,1,1,-1,1,1,1,1,1,1,-1,0,-1,1,1,1,0,1,1,1,1,-1,1,-1,1,1,0,1,Phishing
723,1,-1,1,1,1,-1,1,1,-1,1,1,1,-1,0,0,-1,1,1,0,1,1,1,1,-1,-1,-1,-1,1,1,1,Phishing
724,-1,-1,1,-1,1,1,1,1,1,-1,-1,1,-1,1,-1,-1,-1,1,0,-1,-1,-1,-1,1,1,0,-1,1,1,1,Phishing
725,1,-1,1,1,1,1,-1,1,-1,1,1,1,1,0,-1,-1,1,1,0,1,1,1,1,1,-1,1,1,1,1,1,Phishing
726,1,1,1,1,1,1,1,-1,-1,1,1,1,1,0,0,-1,1,1,0,1,1,1,1,1,1,0,1,1,-1,1,Phishing
727,-1,-1,1,-1,1,-1,0,-1,1,1,1,1,-1,-1,-1,-1,1,1,0,1,1,1,1,1,1,1,-1,1,1,1,Legitimate
728,1,-1,1,-1,1,-1,1,1,1,-1,-1,1,-1,0,0,1,-1,1,0,1,1,-1,1,-1,1,1,-1,1,1,1,Phishing
729,1,-1,1,1,1,-1,0,-1,1,1,1,1,-1,0,-1,-1,1,1,0,1,1,1,1,1,1,1,-1,-1,0,1,Legitimate
730,1,1,1,1,1,1,-1,1,-1,1,1,-1,1,0,0,1,1,1,0,1,1,1,1,-1,-1,1,1,1,-1,1,Phishing
731,-1,-1,1,-1,1,-1,0,-1,1,1,1,-1,-1,-1,-1,-1,-1,-1,0,1,1,1,1,1,1,0,-1,1,-1,1,Legitimate
732,1,-1,1,1,1,-1,1,1,-1,1,1,1,1,1,0,0,1,1,0,1,1,1,1,-1,1,0,1,1,0,1,Phishing
733,1,-1,1,1,1,1,1,1,-1,1,1,1,1,1,0,-1,1,1,0,1,1,1,1,1,1,1,-1,1,0,1,Phishing
734,1,-1,1,1,1,-1,1,1,-1,1,1,1,-1,0,-1,0,-1,1,0,1,1,1,1,-1,1,-1,-1,1,0,1,Phishing
735,1,0,1,1,1,-1,-1,-1,1,1,1,-1,-1,0,0,-1,1,1,0,1,1,1,1,-1,-1,1,-1,1,-1,1,Legitimate
736,1,-1,1,1,1,-1,1,1,1,-1,-1,1,-1,0,1,-1,-1,1,0,-1,1,-1,-1,1,-1,1,-1,1,1,-1,Legitimate
737,1,-1,1,1,1,-1,1,1,-1,1,1,1,1,1,0,1,1,1,0,1,1,1,1,-1,1,1,-1,1,0,1,Phishing
738,1,-1,1,-1,1,-1,-1,1,1,1,1,1,1,0,-1,-1,1,1,0,1,1,1,1,1,-1,0,-1,-1,1,-1,Phishing
739,1,-1,1,1,1,-1,1,1,-1,1,1,1,1,0,-1,0,1,1,0,1,1,1,1,1,1,1,-1,1,0,1,Phishing
740,-1,-1,1,1,1,-1,0,-1,-1,1,1,1,-1,-1,1,-1,1,1,0,1,1,1,1,-1,1,-1,-1,1,1,1,Legitimate
741,-1,-1,1,-1,1,-1,-1,0,1,1,1,1,-1,-1,1,1,1,1,0,1,1,1,1,1,1,1,-1,1,1,-1,Legitimate
742,1,-1,1,1,1,-1,1,1,-1,1,1,1,1,0,-1,-1,1,1,0,1,1,1,1,1,1,1,1,1,0,1,Phishing
743,1,1,1,-1,1,-1,1,0,-1,-1,-1,1,1,-1,-1,-1,-1,1,0,1,1,-1,1,1,1,0,-1,1,0,1,Legitimate
744,1,-1,1,1,1,-1,-1,1,-1,1,1,1,1,0,0,-1,1,1,0,1,1,1,1,-1,1,1,-1,-1,0,1,Phishing
745,-1,1,-1,1,-1,-1,0,0,-1,1,1,-1,1,-1,1,0,1,-1,0,1,1,1,1,1,-1,1,-1,-1,1,1,Legitimate
746,1,0,1,1,1,-1,0,0,1,1,1,1,-1,-1,-1,-1,-1,-1,0,1,1,1,1,1,-1,1,-1,1,1,-1,Legitimate
747,1,-1,1,1,1,-1,-1,1,-1,1,1,1,1,1,0,-1,1,1,0,1,1,1,1,-1,1,1,1,-1,0,1,Phishing
748,-1,-1,-1,1,-1,1,0,1,-1,1,1,-1,1,1,1,-1,1,-1,0,1,1,1,1,-1,-1,1,1,-1,1,1,Phishing
749,1,-1,1,1,1,-1,1,1,1,1,1,1,-1,0,0,-1,1,1,0,1,1,1,1,1,1,1,1,-1,0,1,Phishing
750,1,-1,1,1,1,-1,-1,1,-1,-1,-1,-1,-1,0,0,-1,-1,1,0,1,1,-1,1,1,-1,1,-1,1,1,-1,Phishing
751,1,1,1,-1,1,-1,0,0,-1,1,1,1,1,-1,0,1,1,1,0,1,1,1,1,1,1,-1,-1,1,0,1,Legitimate
752,-1,-1,1,-1,1,1,1,1,-1,-1,-1,1,1,1,0,-1,-1,1,0,-1,-1,-1,-1,1,1,-1,-1,1,1,1,Phishing
753,1,1,1,1,1,-1,1,1,-1,-1,-1,1,1,1,0,1,-1,1,0,1,1,-1,1,1,-1,1,1,-1,1,-1,Phishing
754,-1,-1,1,-1,1,1,1,1,-1,-1,1,1,1,0,1,-1,1,-1,0,1,1,-1,1,-1,1,1,-1,1,1,1,Phishing
755,1,-1,1,1,1,-1,-1,-1,-1,1,1,1,1,-1,0,-1,1,1,0,1,1,1,1,-1,1,-1,-1,-1,0,1,Legitimate
756,1,1,1,1,1,-1,-1,1,-1,1,1,1,1,0,1,1,1,1,0,1,1,1,1,1,-1,1,-1,1,1,1,Phishing
757,1,-1,1,1,1,-1,-1,1,-1,1,1,1,1,1,-1,-1,1,1,0,1,1,1,1,-1,1,0,-1,1,0,1,Phishing
758,-1,-1,-1,1,-1,1,1,1,1,1,1,-1,-1,1,0,-1,-1,-1,0,1,1,1,1,1,-1,1,1,1,1,-1,Phishing
759,1,-1,1,1,1,-1,0,1,1,1,1,1,-1,1,1,1,1,1,0,1,1,1,1,-1,1,1,-1,1,0,1,Phishing
760,-1,-1,1,1,1,-1,0,-1,1,1,1,1,-1,0,0,-1,1,1,0,1,1,1,1,1,1,1,-1,1,1,1,Legitimate
761,1,1,-1,-1,1,1,1,1,-1,1,1,-1,1,0,1,-1,1,1,0,1,1,1,1,1,1,1,-1,1,-1,1,Phishing
762,1,-1,1,1,1,1,-1,1,1,-1,-1,1,-1,1,0,-1,-1,1,0,1,1,-1,-1,-1,1,-1,-1,1,0,1,Phishing
763,1,-1,1,1,1,-1,0,1,-1,1,1,1,1,0,-1,-1,1,1,0,1,1,1,1,1,1,0,-1,1,0,1,Legitimate
764,1,-1,1,-1,1,-1,-1,1,-1,1,1,1,-1,1,1,-1,1,1,0,1,1,1,1,1,1,1,1,1,0,1,Phishing
765,1,-1,1,1,1,-1,-1,1,1,1,1,1,-1,0,0,0,1,1,0,1,1,1,1,-1,1,-1,-1,1,0,-1,Phishing
766,1,-1,1,1,1,-1,-1,-1,1,1,1,1,-1,0,-1,-1,1,1,0,1,1,1,1,-1,1,0,1,1,0,1,Legitimate
767,1,-1,1,1,1,-1,-1,-1,-1,-1,-1,1,-1,-1,0,-1,-1,1,0,-1,-1,-1,-1,-1,1,0,-1,1,0,-1,Legitimate
768,1,-1,1,-1,1,-1,1,1,-1,1,1,1,1,1,0,-1,1,1,0,1,1,1,1,-1,1,1,1,1,0,1,Phishing
769,1,-1,1,1,1,-1,0,1,-1,-1,-1,1,1,1,-1,-1,-1,1,0,-1,1,-1,1,-1,1,1,-1,1,1,-1,Phishing
770,-1,1,1,1,1,-1,0,-1,1,1,1,1,-1,-1,-1,-1,1,1,1,1,1,1,1,1,1,-1,1,1,0,1,Legitimate
771,-1,-1,-1,-1,-1,-1,0,1,-1,-1,1,-1,1,-1,1,-1,1,-1,1,1,1,-1,1,1,-1,1,-1,1,1,1,Legitimate
772,1,-1,1,1,1,-1,-1,-1,-1,1,1,1,1,-1,0,-1,1,1,0,1,1,1,1,1,1,0,-1,1,0,1,Legitimate
773,-1,-1,-1,1,-1,1,0,1,-1,1,1,-1,1,1,0,-1,1,-1,1,1,1,1,1,1,-1,1,-1,1,1,1,Phishing
774,1,-1,1,1,1,-1,0,0,1,1,1,1,-1,-1,0,-1,1,1,0,1,1,1,1,1,1,-1,-1,-1,0,1,Legitimate
775,-1,-1,1,1,1,-1,1,1,-1,-1,-1,1,-1,0,1,0,1,1,0,1,1,-1,1,-1,1,1,1,1,1,1,Phishing
776,1,1,1,1,1,-1,0,0,-1,-1,-1,1,1,-1,1,1,-1,1,0,-1,1,-1,-1,1,1,-1,-1,1,0,-1,Legitimate
777,1,-1,1,1,1,1,-1,1,-1,-1,1,1,1,0,1,-1,1,-1,0,1,1,-1,1,1,-1,1,-1,1,1,-1,Phishing
778,-1,-1,1,1,1,-1,1,1,-1,-1,1,1,1,0,0,1,1,1,0,1,1,-1,1,-1,1,1,-1,1,1,1,Phishing
779,1,-1,1,1,1,-1,1,0,1,1,1,1,-1,-1,0,-1,1,1,0,1,1,1,1,-1,1,1,-1,1,0,1,Legitimate
780,1,-1,1,1,1,-1,1,1,-1,1,1,1,1,1,1,-1,1,1,0,1,1,1,1,1,1,1,-1,1,0,-1,Phishing
781,-1,-1,-1,1,-1,-1,1,1,1,1,1,-1,-1,0,1,1,1,-1,1,1,1,1,1,1,-1,1,-1,1,1,1,Phishing
782,1,-1,1,1,1,-1,-1,-1,-1,1,1,1,1,1,0,-1,1,1,0,1,1,1,1,-1,1,1,-1,-1,0,1,Legitimate
783,-1,-1,1,1,1,1,1,-1,-1,1,1,1,-1,1,1,-1,1,1,0,1,1,1,1,-1,1,0,-1,1,1,1,Phishing
784,1,1,1,1,1,-1,1,1,-1,1,1,1,1,0,1,-1,1,-1,0,1,1,1,1,1,1,-1,1,1,0,1,Phishing
785,1,-1,1,1,1,-1,-1,-1,-1,1,1,1,1,-1,0,-1,1,1,0,1,1,1,1,-1,-1,0,-1,1,1,1,Legitimate
786,1,-1,1,1,1,1,-1,1,-1,1,1,1,1,0,0,-1,1,1,0,1,1,1,1,1,-1,1,-1,1,1,1,Phishing
787,-1,-1,1,-1,1,-1,1,-1,1,1,1,-1,-1,-1,-1,-1,-1,-1,0,1,1,1,1,-1,1,0,-1,1,-1,1,Legitimate
788,1,-1,1,1,1,-1,1,-1,1,1,1,1,-1,-1,-1,-1,1,1,0,1,1,1,1,1,1,-1,-1,1,0,1,Legitimate
789,1,-1,1,1,1,-1,0,-1,-1,-1,-1,1,1,0,-1,0,-1,1,1,1,1,-1,1,-1,1,1,-1,1,0,1,Phishing
790,-1,-1,1,1,1,-1,0,1,-1,1,1,1,1,0,-1,1,1,1,0,1,1,1,1,-1,1,1,-1,1,1,1,Phishing
791,1,-1,1,1,1,-1,1,-1,-1,-1,-1,-1,1,-1,0,-1,-1,1,0,1,1,1,1,-1,-1,0,-1,-1,0,-1,Legitimate
792,-1,-1,1,1,1,-1,0,-1,1,1,1,1,-1,0,-1,-1,1,1,0,1,1,1,1,-1,1,1,1,1,1,1,Legitimate
793,-1,1,1,-1,1,1,1,1,-1,-1,-1,1,1,0,-1,-1,1,1,0,-1,-1,-1,-1,1,1,1,-1,1,1,1,Phishing
794,1,1,1,1,1,1,1,1,-1,1,1,1,1,1,0,1,1,1,0,1,1,1,1,1,1,1,-1,1,0,1,Phishing
795,1,-1,1,1,1,-1,1,1,-1,1,1,1,1,0,1,1,1,1,0,1,1,1,1,-1,1,1,1,1,0,-1,Phishing
796,1,0,1,1,1,-1,-1,-1,1,1,1,-1,-1,0,0,-1,1,1,0,1,1,1,1,-1,-1,1,-1,1,-1,1,Legitimate
797,1,-1,1,1,1,-1,-1,-1,1,1,1,1,-1,-1,0,-1,1,1,0,1,1,1,1,-1,-1,0,-1,1,0,1,Legitimate
798,1,1,1,1,1,-1,1,1,-1,1,1,1,1,0,1,-1,1,1,0,1,1,1,1,1,1,1,1,1,0,1,Phishing
799,-1,1,1,1,1,-1,-1,-1,-1,1,1,1,1,0,1,-1,1,1,0,1,1,1,1,1,1,1,1,1,0,-1,Legitimate
800,1,-1,1,1,1,-1,0,-1,-1,-1,-1,1,1,-1,0,-1,-1,1,0,-1,1,-1,-1,-1,-1,-1,-1,-1,0,-1,Legitimate
801,-1,-1,1,1,1,-1,0,-1,-1,1,1,1,-1,-1,0,-1,1,1,0,1,1,1,1,1,1,1,-1,1,0,1,Legitimate
802,1,1,1,1,1,-1,0,0,-1,1,1,1,1,-1,-1,1,1,1,0,1,1,1,1,1,-1,-1,-1,-1,1,1,Legitimate
803,1,-1,1,1,-1,1,0,1,1,-1,-1,-1,-1,0,1,-1,-1,-1,1,-1,1,-1,1,-1,-1,1,1,1,0,-1,Phishing
804,1,-1,1,1,1,-1,1,1,1,1,1,1,-1,1,1,-1,1,1,0,1,1,1,1,1,-1,-1,1,1,1,1,Phishing
805,1,-1,1,1,1,-1,0,1,-1,1,1,1,1,0,-1,-1,1,1,0,1,1,1,1,-1,1,1,1,1,0,1,Phishing
806,1,-1,1,1,1,-1,-1,-1,1,-1,1,1,-1,-1,1,-1,1,1,0,-1,1,-1,1,-1,-1,-1,-1,1,1,1,Legitimate
807,1,0,-1,1,1,-1,1,1,-1,1,1,1,1,0,0,-1,1,1,0,-1,1,-1,1,-1,-1,0,-1,1,1,1,Phishing
808,1,1,1,1,1,-1,1,1,-1,1,1,1,1,0,1,1,1,1,0,1,1,1,1,1,1,-1,1,1,0,1,Phishing
809,-1,-1,1,-1,1,-1,-1,-1,1,1,1,1,1,1,-1,-1,1,1,0,1,1,1,1,1,1,1,-1,1,0,1,Legitimate
810,1,1,1,1,1,1,1,1,1,1,1,1,-1,1,1,-1,1,1,0,1,1,1,1,1,1,1,1,1,0,-1,Phishing
811,1,-1,1,1,1,-1,1,-1,-1,1,1,1,1,0,1,-1,1,1,0,1,1,1,1,1,1,-1,-1,1,1,1,Phishing
812,-1,-1,-1,-1,-1,-1,0,-1,-1,-1,1,-1,-1,-1,1,-1,-1,-1,0,-1,1,-1,1,-1,-1,0,1,-1,0,1,Legitimate
813,1,-1,1,-1,1,-1,0,-1,-1,-1,-1,1,-1,-1,0,-1,-1,1,0,1,1,-1,-1,1,1,1,-1,1,0,1,Legitimate
814,-1,-1,1,1,1,-1,0,0,-1,1,1,1,1,0,-1,0,1,1,0,1,1,1,1,1,1,0,-1,1,0,-1,Legitimate
815,1,1,1,1,1,-1,0,1,-1,-1,-1,1,1,0,0,1,-1,1,0,-1,1,-1,-1,-1,-1,1,-1,1,1,-1,Phishing
816,1,1,1,1,1,-1,0,1,-1,1,1,1,1,0,-1,1,1,1,0,1,1,1,1,-1,-1,1,-1,1,1,1,Phishing
817,1,-1,1,1,1,-1,0,1,1,1,1,1,-1,0,1,-1,-1,1,0,1,1,1,1,-1,-1,-1,-1,1,1,1,Phishing
818,-1,-1,-1,1,1,-1,1,1,1,1,1,-1,-1,0,-1,0,-1,1,0,1,1,1,1,1,-1,-1,-1,1,1,1,Phishing
819,-1,-1,1,1,1,1,1,1,-1,1,1,1,1,0,0,-1,-1,1,0,1,1,1,1,1,1,1,-1,1,0,1,Phishing
820,1,1,1,1,1,-1,0,1,-1,-1,1,1,1,0,0,1,1,-1,0,1,-1,-1,-1,-1,-1,1,-1,1,1,-1,Phishing
821,1,-1,1,1,1,1,0,1,-1,1,1,1,1,1,-1,1,1,1,0,1,1,1,1,1,1,1,-1,1,0,1,Phishing
822,-1,-1,-1,1,-1,-1,1,-1,-1,1,1,-1,1,1,0,-1,1,-1,1,1,1,1,1,1,-1,0,-1,1,1,1,Phishing
823,-1,-1,1,-1,1,-1,1,0,1,-1,-1,1,-1,-1,-1,-1,-1,1,0,-1,-1,-1,-1,1,1,0,-1,-1,1,1,Legitimate
824,-1,-1,1,1,1,-1,-1,-1,-1,1,1,1,1,-1,-1,-1,1,1,0,1,1,1,1,1,1,0,-1,1,0,1,Legitimate
825,-1,-1,1,1,1,-1,1,1,-1,-1,1,1,1,0,-1,1,1,1,0,-1,1,-1,1,-1,1,1,1,1,0,1,Phishing
826,1,-1,1,-1,1,-1,-1,-1,-1,1,1,1,-1,-1,-1,-1,1,1,0,1,1,1,1,-1,-1,-1,1,-1,0,1,Legitimate
827,1,-1,1,1,1,-1,1,1,-1,1,1,1,1,1,1,-1,1,1,0,1,1,1,1,1,1,1,1,1,0,1,Phishing
828,1,-1,1,1,1,-1,0,0,1,1,1,1,-1,-1,-1,-1,1,1,0,1,1,1,1,1,-1,-1,-1,1,1,1,Legitimate
829,1,-1,1,1,1,-1,1,1,1,1,1,1,1,1,0,-1,1,1,0,1,1,1,1,1,1,1,-1,1,0,1,Phishing
830,-1,-1,1,1,1,-1,-1,1,-1,1,1,1,-1,1,-1,-1,1,1,0,-1,1,1,1,-1,1,1,1,1,1,1,Phishing
831,1,-1,1,1,1,-1,-1,1,-1,-1,-1,1,1,1,0,-1,-1,1,0,-1,-1,-1,-1,-1,1,1,1,1,0,-1,Phishing
832,1,-1,1,1,1,-1,-1,1,-1,1,1,1,-1,0,0,-1,1,1,0,1,1,1,1,-1,1,1,-1,1,0,1,Phishing
833,-1,-1,1,1,1,-1,-1,-1,1,1,1,1,-1,-1,-1,-1,1,1,0,1,1,1,1,1,1,-1,-1,1,0,1,Legitimate
834,1,-1,1,1,1,-1,0,1,-1,1,1,1,1,0,-1,-1,1,1,0,1,1,1,1,-1,-1,1,-1,1,-1,1,Phishing
835,1,-1,1,1,1,-1,1,1,-1,1,1,1,1,0,-1,-1,1,1,0,1,1,1,1,1,1,0,-1,1,1,1,Phishing
836,1,1,-1,1,1,-1,-1,1,-1,1,1,1,1,0,1,-1,1,1,0,1,1,1,1,1,-1,0,-1,-1,0,1,Legitimate
837,-1,-1,1,1,1,-1,-1,1,-1,1,1,1,1,0,1,1,1,1,0,1,1,1,1,1,1,1,-1,1,1,1,Phishing
838,-1,-1,1,1,1,-1,0,1,1,1,1,1,-1,0,0,1,1,1,0,1,1,1,1,1,1,0,-1,-1,1,1,Phishing
839,-1,-1,-1,-1,-1,-1,0,-1,-1,-1,-1,-1,1,-1,1,-1,-1,-1,0,-1,-1,-1,-1,-1,-1,-1,1,-1,1,1,Legitimate
840,-1,-1,1,1,1,-1,1,1,-1,1,1,1,-1,1,-1,-1,1,1,0,-1,1,1,1,-1,1,1,-1,1,1,1,Phishing
841,1,-1,1,1,1,-1,-1,-1,-1,-1,-1,1,1,0,1,-1,-1,1,0,-1,1,-1,-1,1,-1,0,-1,1,1,-1,Phishing
842,1,1,1,1,1,-1,0,-1,-1,-1,1,1,1,0,0,1,-1,1,0,-1,1,-1,1,-1,1,1,-1,1,0,1,Phishing
843,1,-1,1,1,1,-1,-1,1,-1,1,1,1,-1,0,0,1,1,1,0,1,1,1,1,-1,1,0,-1,1,0,1,Phishing
844,1,-1,1,1,1,1,-1,1,-1,1,1,-1,-1,1,-1,-1,-1,-1,0,1,1,1,1,1,1,0,-1,1,0,-1,Phishing
845,1,-1,1,1,1,-1,1,-1,1,1,1,1,-1,0,-1,-1,1,1,0,1,1,1,1,1,-1,1,-1,1,1,1,Phishing
846,1,-1,1,1,1,-1,0,0,-1,1,1,1,-1,0,0,-1,1,1,0,1,1,1,1,1,-1,0,-1,1,1,1,Legitimate
847,1,-1,1,-1,1,-1,1,1,1,1,1,1,-1,0,-1,-1,1,1,0,1,1,1,1,-1,-1,0,-1,1,0,1,Legitimate
848,1,-1,1,1,1,-1,1,1,1,1,1,1,1,0,0,-1,1,1,0,1,1,1,1,1,1,1,1,1,0,1,Phishing
849,1,-1,1,1,1,-1,-1,-1,1,1,1,1,1,-1,-1,-1,1,1,0,1,1,1,1,-1,1,0,-1,1,0,1,Legitimate
850,-1,-1,1,1,1,-1,1,1,-1,1,1,1,1,1,-1,1,1,1,1,1,1,1,1,-1,1,1,1,1,1,1,Phishing
851,1,-1,1,1,1,-1,-1,-1,-1,1,1,1,1,-1,0,-1,1,1,0,1,1,1,1,-1,1,-1,-1,1,0,1,Legitimate
852,1,-1,-1,1,1,-1,1,1,-1,1,1,1,1,1,0,0,1,-1,0,1,1,1,1,1,1,1,-1,1,0,1,Phishing
853,-1,-1,1,1,1,-1,-1,0,1,1,1,1,-1,-1,0,0,1,1,0,1,1,1,1,1,1,1,-1,1,1,-1,Legitimate
854,1,-1,1,1,1,-1,1,-1,-1,1,1,1,1,0,1,-1,1,1,0,1,1,1,1,1,-1,-1,-1,1,1,1,Phishing
855,1,-1,1,1,-1,-1,1,1,1,1,1,1,-1,1,1,-1,1,1,0,1,1,1,1,1,1,1,1,-1,0,-1,Phishing
856,1,-1,1,1,1,1,1,1,-1,1,1,1,1,1,-1,1,1,1,0,1,1,1,1,-1,1,0,1,1,0,1,Phishing
857,1,-1,1,1,1,-1,1,1,1,1,1,1,1,1,-1,-1,1,1,0,1,1,1,1,1,-1,-1,-1,1,1,1,Phishing
858,-1,-1,-1,-1,-1,-1,0,-1,1,1,1,-1,-1,-1,1,-1,1,-1,1,-1,1,-1,-1,-1,1,1,-1,1,1,1,Legitimate
859,-1,-1,-1,-1,-1,-1,-1,1,-1,1,1,-1,1,1,0,-1,-1,-1,0,1,1,1,1,-1,-1,1,-1,-1,-1,1,Phishing
860,-1,-1,1,1,1,-1,1,1,-1,1,1,-1,1,1,1,-1,1,1,0,1,1,1,1,-1,1,-1,1,1,1,1,Phishing
861,1,-1,1,1,1,-1,0,0,1,-1,-1,1,1,-1,1,-1,-1,1,0,1,1,-1,1,1,-1,1,-1,1,1,1,Legitimate
862,1,-1,1,1,1,1,0,1,-1,1,1,1,1,1,-1,-1,1,1,0,1,1,1,1,-1,1,0,-1,1,0,1,Phishing
863,1,-1,1,1,1,-1,1,1,1,1,1,-1,-1,1,1,0,1,1,0,1,1,1,1,1,1,-1,-1,1,1,1,Phishing
864,1,-1,1,1,1,-1,1,1,-1,1,1,1,-1,0,0,-1,1,1,0,1,1,1,1,1,1,1,1,1,0,1,Phishing
865,-1,1,-1,1,1,-1,0,-1,1,1,1,1,-1,-1,-1,-1,1,1,0,1,1,1,1,1,1,0,-1,-1,1,1,Legitimate
866,-1,1,-1,1,-1,-1,0,-1,-1,1,1,-1,1,-1,1,1,1,-1,1,1,1,1,1,-1,-1,-1,-1,1,0,-1,Legitimate
867,1,-1,1,1,1,-1,1,1,1,1,1,1,-1,0,1,0,1,1,0,1,1,1,1,1,1,1,-1,1,1,1,Phishing
868,1,-1,1,1,1,-1,-1,-1,-1,1,1,1,1,1,-1,-1,1,1,0,1,1,1,1,-1,1,-1,-1,-1,0,1,Legitimate
869,1,-1,1,1,1,-1,1,1,1,1,1,1,-1,1,1,1,1,1,0,1,1,1,1,-1,1,0,-1,1,0,1,Phishing
870,1,1,1,1,1,-1,-1,1,-1,1,1,1,1,1,0,1,1,1,0,1,1,1,1,1,1,1,-1,1,0,1,Phishing
871,1,-1,1,1,1,-1,-1,1,1,1,1,1,-1,1,1,1,1,1,0,1,1,1,1,-1,1,1,-1,1,0,1,Phishing
872,1,-1,1,1,1,-1,0,1,-1,1,1,-1,1,0,-1,-1,1,1,0,1,1,1,1,-1,1,0,1,1,0,1,Legitimate
873,1,-1,1,-1,1,-1,-1,-1,-1,-1,-1,1,-1,-1,1,-1,-1,1,0,-1,-1,-1,-1,-1,1,0,-1,-1,0,1,Legitimate
874,1,-1,1,1,1,-1,1,1,-1,1,1,1,1,0,0,-1,1,1,0,1,1,1,1,-1,1,0,1,1,0,1,Phishing
875,1,1,1,1,1,-1,0,-1,-1,1,1,1,1,-1,-1,1,1,1,0,1,1,1,1,-1,1,0,-1,1,0,1,Legitimate
876,1,-1,1,1,1,-1,1,-1,-1,1,1,1,1,0,0,-1,1,1,0,1,1,1,1,1,1,0,-1,1,0,-1,Phishing
877,1,1,-1,-1,-1,1,1,-1,-1,1,1,-1,1,1,1,-1,1,-1,1,1,1,1,1,1,-1,0,1,-1,1,1,Phishing
878,-1,1,1,1,1,-1,-1,-1,-1,1,-1,1,-1,-1,1,-1,1,-1,0,1,1,-1,1,1,1,1,-1,-1,0,1,Legitimate
879,-1,1,-1,1,-1,-1,0,1,-1,1,1,-1,1,1,-1,-1,1,-1,0,1,1,1,1,1,-1,1,-1,-1,1,1,Phishing
880,-1,-1,-1,1,-1,-1,-1,1,-1,1,1,-1,1,0,0,-1,1,-1,1,1,1,1,1,1,-1,1,1,1,1,1,Phishing
881,-1,-1,1,1,1,-1,1,1,1,1,1,1,1,0,-1,0,1,1,0,1,1,1,1,1,1,-1,-1,1,1,1,Phishing
882,-1,1,1,1,1,-1,0,-1,1,1,1,1,-1,-1,0,-1,1,1,0,1,1,1,1,1,1,0,-1,1,1,1,Legitimate
883,1,-1,1,1,1,1,1,1,1,1,1,1,-1,1,0,-1,1,1,0,1,1,1,1,1,-1,-1,-1,1,1,1,Phishing
884,1,-1,1,1,1,-1,1,1,1,1,1,1,-1,0,0,-1,1,1,0,1,1,1,1,-1,1,1,-1,1,0,1,Phishing
885,-1,1,1,1,1,1,1,1,-1,1,1,1,1,-1,0,-1,1,1,0,1,1,1,1,1,1,-1,1,1,1,1,Phishing
886,-1,1,-1,-1,-1,-1,1,-1,-1,-1,1,-1,1,-1,1,-1,1,-1,0,-1,1,-1,1,1,-1,0,1,1,1,1,Legitimate
887,1,-1,1,1,1,-1,-1,0,-1,1,1,1,1,-1,0,-1,1,1,0,1,1,1,1,1,1,0,-1,1,0,1,Legitimate
888,1,-1,1,1,1,-1,-1,1,1,-1,-1,1,-1,0,-1,-1,-1,1,0,-1,1,-1,-1,-1,-1,0,-1,1,0,-1,Legitimate
889,-1,1,1,-1,1,1,1,1,-1,-1,-1,1,1,1,1,1,-1,1,0,-1,1,-1,-1,1,1,1,1,1,1,1,Phishing
890,-1,-1,1,1,1,-1,0,-1,1,1,1,1,-1,-1,0,-1,1,1,0,1,1,1,1,1,1,1,-1,1,0,1,Legitimate
891,1,-1,1,1,1,-1,-1,-1,1,1,1,1,-1,0,0,-1,1,1,0,1,1,1,1,-1,1,-1,1,1,0,1,Legitimate
892,1,1,1,1,1,1,1,1,-1,1,1,-1,1,0,0,1,1,1,0,1,1,1,1,1,1,-1,1,1,-1,1,Phishing
893,-1,-1,1,-1,1,-1,1,1,-1,-1,-1,1,1,1,1,-1,-1,-1,0,-1,1,-1,-1,-1,1,1,1,1,1,1,Phishing
894,1,1,1,1,1,-1,0,0,-1,1,1,1,1,1,0,-1,1,1,0,1,1,1,1,1,1,-1,-1,1,0,1,Legitimate
895,-1,-1,1,1,1,-1,0,1,1,1,1,1,-1,1,-1,1,1,1,0,1,1,1,1,1,1,1,-1,1,0,1,Phishing
896,1,-1,1,1,1,1,-1,1,1,1,1,1,-1,1,0,-1,-1,1,0,1,1,1,1,1,-1,-1,-1,1,1,1,Phishing
897,1,-1,1,-1,1,-1,1,1,1,1,1,1,-1,0,0,-1,1,1,0,1,1,1,1,1,1,-1,1,1,0,1,Phishing
898,1,-1,1,1,1,-1,0,1,-1,1,1,1,1,0,-1,-1,1,1,1,1,1,1,1,-1,1,0,1,1,0,1,Legitimate
899,1,-1,1,1,1,1,1,1,1,1,1,1,-1,1,1,1,1,1,0,1,1,1,1,-1,1,1,-1,1,0,-1,Phishing
900,-1,-1,1,1,1,-1,0,-1,1,1,1,1,1,-1,0,-1,1,1,1,1,1,1,1,-1,1,-1,-1,1,1,-1,Legitimate
901,-1,-1,1,1,1,-1,-1,1,1,1,1,1,-1,0,1,1,1,1,0,1,1,1,1,-1,1,1,-1,1,1,1,Phishing
902,-1,-1,-1,1,-1,1,0,1,-1,1,1,-1,1,0,0,-1,1,-1,1,1,1,1,1,1,-1,1,-1,1,1,1,Phishing
903,1,-1,1,1,1,1,0,1,-1,1,1,1,1,1,1,-1,1,1,0,1,1,1,1,-1,1,1,-1,1,0,1,Phishing
904,1,-1,1,1,1,1,-1,1,-1,-1,-1,1,1,0,1,-1,-1,1,0,1,1,-1,-1,1,1,1,-1,1,1,-1,Phishing
905,1,1,1,1,1,-1,-1,-1,-1,-1,-1,1,1,-1,0,1,-1,1,0,1,1,-1,1,-1,-1,1,-1,-1,1,-1,Legitimate
906,1,-1,1,1,1,-1,-1,1,1,1,1,1,1,0,1,1,1,1,0,1,1,1,1,-1,1,1,-1,1,0,-1,Phishing
907,1,-1,1,1,1,1,1,1,-1,1,1,1,1,1,1,-1,1,1,0,1,1,1,1,1,1,1,-1,1,0,1,Phishing
908,1,-1,1,1,1,-1,1,1,-1,1,1,1,-1,0,0,-1,1,1,0,1,1,1,1,1,1,1,-1,1,0,1,Phishing
909,-1,-1,-1,1,1,-1,-1,1,1,1,1,-1,-1,0,-1,-1,-1,1,0,1,1,1,1,1,-1,1,-1,1,1,1,Phishing
910,-1,-1,1,1,1,1,1,1,-1,1,1,1,1,0,-1,-1,1,1,0,1,1,1,1,-1,1,1,-1,1,1,1,Phishing
911,1,-1,1,1,1,-1,0,0,-1,1,1,1,1,-1,0,-1,1,1,0,1,1,1,1,1,1,-1,-1,1,0,1,Legitimate
912,-1,-1,1,1,1,-1,0,-1,-1,1,1,1,-1,-1,-1,-1,-1,1,1,1,1,1,1,-1,1,0,1,1,1,1,Legitimate
913,1,-1,1,1,1,-1,1,1,-1,1,1,1,1,1,1,-1,1,1,0,1,1,1,1,-1,1,1,1,1,0,-1,Phishing
914,-1,-1,1,1,1,-1,0,-1,-1,1,1,1,1,-1,0,-1,1,1,0,1,1,1,1,-1,1,-1,-1,1,0,1,Legitimate
915,-1,-1,-1,-1,-1,-1,1,1,-1,1,1,-1,-1,1,-1,-1,1,-1,1,1,1,1,1,-1,-1,0,-1,1,1,1,Phishing
916,1,-1,1,1,1,-1,0,1,1,1,1,1,-1,0,-1,-1,1,1,0,1,1,1,1,-1,1,0,-1,1,0,-1,Legitimate
917,1,-1,1,1,1,-1,-1,1,-1,1,1,1,-1,0,-1,-1,1,1,0,1,1,1,1,-1,1,0,-1,1,0,1,Legitimate
918,1,-1,1,1,1,-1,1,1,-1,1,1,1,-1,1,0,-1,1,1,0,1,1,1,1,1,1,1,-1,1,0,1,Phishing
919,1,-1,1,1,1,-1,-1,-1,-1,1,1,1,1,0,-1,-1,1,1,0,1,1,1,1,-1,1,0,1,1,0,1,Legitimate
920,1,-1,1,1,1,-1,1,-1,1,1,1,1,-1,-1,-1,-1,1,1,0,1,1,1,1,1,-1,0,-1,1,0,1,Legitimate
921,1,-1,1,1,1,1,1,1,-1,-1,1,1,1,1,0,-1,1,1,0,1,1,-1,1,1,1,-1,-1,-1,0,1,Phishing
922,1,-1,1,1,1,1,-1,1,1,1,1,1,-1,0,1,-1,1,1,0,1,1,1,1,1,1,1,-1,1,0,1,Phishing
923,1,-1,1,1,1,-1,0,1,-1,1,1,-1,1,-1,-1,-1,1,1,0,1,1,1,1,-1,1,0,1,1,0,1,Legitimate
924,1,-1,1,1,1,-1,0,1,1,1,1,1,-1,1,1,-1,1,1,0,1,1,1,1,-1,1,1,-1,1,0,1,Phishing
925,1,-1,1,1,1,-1,0,1,-1,1,1,1,1,0,1,0,1,1,0,1,1,1,1,-1,1,1,1,1,0,1,Phishing
926,1,1,1,1,1,-1,0,0,-1,1,1,1,1,-1,-1,1,1,1,0,1,1,1,1,1,1,-1,-1,-1,0,1,Legitimate
927,1,1,1,1,1,-1,0,1,-1,-1,-1,1,1,0,0,1,-1,1,0,1,1,-1,1,-1,1,1,-1,1,0,-1,Phishing
928,1,-1,1,1,1,-1,0,-1,-1,-1,-1,1,1,-1,0,-1,-1,1,0,-1,-1,-1,-1,-1,-1,1,-1,1,0,-1,Legitimate
929,-1,1,1,-1,1,-1,0,0,-1,1,1,1,1,-1,-1,-1,1,1,0,1,1,1,1,1,1,0,1,1,0,1,Legitimate
930,1,-1,1,1,1,-1,-1,-1,-1,-1,-1,1,1,-1,0,-1,-1,1,0,-1,-1,-1,-1,-1,1,-1,-1,1,0,-1,Legitimate
931,1,-1,1,1,1,-1,1,1,-1,1,1,1,-1,0,-1,1,1,1,0,1,1,1,1,-1,1,1,-1,1,0,1,Phishing
932,1,-1,1,1,1,-1,0,1,-1,1,1,1,1,1,0,-1,1,1,0,1,1,1,1,-1,1,0,-1,1,0,1,Phishing
933,1,-1,1,1,1,-1,0,0,1,1,1,1,1,-1,-1,-1,1,1,0,1,1,1,1,1,-1,-1,-1,1,0,1,Legitimate
934,1,-1,1,1,1,-1,1,1,-1,-1,-1,1,-1,0,1,-1,-1,1,0,1,1,-1,1,1,-1,1,1,1,1,1,Phishing
935,-1,-1,1,-1,1,-1,1,1,-1,-1,-1,1,-1,0,0,0,-1,1,0,-1,-1,-1,-1,1,1,1,-1,1,1,1,Phishing
936,-1,-1,1,-1,1,-1,1,0,1,-1,-1,1,-1,-1,-1,-1,-1,1,0,-1,1,-1,1,-1,1,1,-1,1,1,1,Legitimate
937,1,-1,1,1,1,-1,0,1,-1,1,1,1,-1,0,0,-1,1,1,0,1,1,1,1,-1,1,0,1,1,0,1,Legitimate
938,1,-1,1,1,1,-1,-1,1,-1,1,1,1,-1,0,-1,-1,1,1,0,1,1,1,1,1,1,1,1,1,0,1,Phishing
939,-1,1,-1,-1,1,-1,0,-1,-1,1,1,1,1,-1,-1,-1,-1,-1,1,1,1,1,1,-1,1,-1,1,1,0,1,Legitimate
940,-1,-1,-1,1,-1,-1,1,1,-1,1,1,-1,1,0,0,1,1,-1,0,1,1,1,1,-1,-1,1,-1,-1,1,1,Phishing
941,1,-1,1,1,1,-1,1,1,-1,1,1,1,1,0,0,-1,1,1,0,1,1,1,1,1,1,1,1,1,0,1,Phishing
942,1,-1,1,1,1,-1,1,-1,1,1,1,1,-1,0,-1,-1,1,1,0,1,1,1,1,1,1,1,-1,1,0,1,Legitimate
943,-1,-1,1,1,1,-1,-1,1,1,1,1,1,-1,0,0,1,1,1,1,1,1,1,1,-1,1,0,-1,1,1,1,Phishing
944,1,-1,1,1,1,1,0,-1,-1,1,1,1,1,1,1,-1,1,1,0,1,1,1,1,-1,1,1,-1,1,0,1,Phishing
945,1,-1,1,1,1,-1,1,1,1,-1,1,1,-1,1,-1,-1,1,1,0,1,1,-1,1,1,-1,1,-1,1,1,1,Phishing
946,1,-1,1,1,1,-1,1,1,-1,1,1,1,1,0,0,1,1,1,0,1,1,1,1,-1,1,1,-1,-1,0,1,Phishing
947,1,-1,1,1,1,-1,1,1,-1,1,1,1,1,0,1,-1,-1,-1,0,1,1,1,1,1,1,1,-1,1,-1,-1,Phishing
948,-1,-1,1,1,-1,-1,-1,1,-1,1,1,1,-1,0,-1,-1,1,1,1,1,1,1,1,1,1,-1,-1,-1,0,1,Legitimate
949,-1,1,-1,1,-1,-1,-1,1,-1,1,1,-1,1,1,-1,1,1,-1,1,1,1,1,1,-1,-1,1,-1,1,1,1,Phishing
950,-1,1,1,1,1,-1,1,1,1,1,1,1,1,0,0,-1,1,1,0,1,1,1,1,1,1,0,-1,1,1,1,Phishing
951,1,-1,1,1,1,-1,1,1,-1,1,1,1,1,1,1,1,1,1,0,1,1,1,1,1,1,-1,-1,1,0,-1,Phishing
952,1,-1,1,1,1,1,-1,1,1,1,1,1,-1,1,0,-1,1,1,0,1,1,1,1,1,1,1,-1,1,0,1,Phishing
953,1,-1,1,-1,1,-1,0,-1,1,1,1,1,1,0,-1,-1,1,1,0,1,1,1,1,-1,1,0,-1,1,0,1,Legitimate
954,1,-1,1,1,1,1,-1,1,-1,1,1,1,1,1,1,-1,1,1,0,1,1,1,1,1,-1,1,-1,1,1,1,Phishing
955,1,-1,1,1,1,-1,0,-1,1,1,1,1,-1,1,1,-1,1,1,0,1,1,1,1,-1,1,0,-1,1,0,-1,Phishing
956,1,-1,1,1,1,-1,1,1,-1,1,1,1,1,0,0,1,1,1,0,1,1,1,1,-1,1,-1,-1,1,0,1,Phishing
957,1,-1,1,1,1,-1,1,1,-1,1,1,1,-1,1,0,1,1,1,0,1,1,1,1,-1,1,1,1,1,0,1,Phishing
958,1,1,1,-1,1,1,0,1,-1,1,1,1,1,0,-1,-1,1,1,0,1,1,1,1,1,1,1,1,-1,0,1,Phishing
959,1,-1,1,1,1,-1,-1,1,-1,1,1,-1,1,0,1,-1,1,1,0,1,1,1,1,-1,-1,-1,-1,1,0,1,Phishing
960,1,-1,1,1,1,-1,1,-1,1,1,1,1,-1,0,-1,-1,1,1,0,1,1,1,1,1,-1,0,-1,1,1,1,Legitimate
961,1,-1,1,1,1,-1,-1,1,-1,1,1,1,1,1,0,-1,1,1,0,1,1,1,1,1,1,1,-1,1,1,1,Phishing
962,1,-1,1,1,1,-1,1,-1,1,1,1,1,-1,-1,1,-1,1,1,0,1,1,1,1,1,1,-1,-1,1,1,1,Legitimate
963,1,1,1,1,1,-1,-1,1,-1,1,1,1,1,0,1,1,1,1,0,1,1,1,1,1,-1,0,-1,1,1,1,Legitimate
964,1,-1,1,1,1,-1,0,1,1,1,1,1,-1,0,1,-1,1,1,0,1,1,1,1,1,-1,1,-1,1,1,1,Phishing
965,1,1,1,1,1,-1,0,-1,-1,1,1,1,1,0,0,1,1,1,0,1,1,1,1,-1,1,1,-1,1,0,1,Phishing
966,1,-1,1,1,1,-1,1,1,1,1,1,1,1,1,-1,-1,1,1,0,1,1,1,1,-1,1,1,1,1,0,1,Phishing
967,-1,-1,1,1,1,-1,-1,0,1,1,1,1,-1,-1,-1,-1,1,1,0,1,1,1,1,1,1,1,-1,1,1,1,Legitimate
968,1,1,1,1,1,-1,-1,1,-1,1,1,1,1,0,1,1,1,1,0,1,1,1,1,1,1,1,-1,1,0,1,Phishing
969,-1,1,1,1,1,-1,0,-1,-1,1,1,1,1,-1,1,-1,1,1,0,1,1,1,1,1,1,-1,-1,1,1,1,Legitimate
970,1,-1,1,1,1,-1,-1,0,1,1,1,1,-1,-1,0,-1,1,1,0,1,1,1,1,1,1,1,-1,-1,0,1,Legitimate
971,-1,-1,1,1,1,-1,1,1,1,1,1,1,-1,0,-1,-1,1,1,0,1,1,1,1,-1,1,1,-1,1,1,1,Phishing
972,1,1,1,1,1,1,-1,1,-1,1,1,1,1,1,0,1,1,1,0,1,1,1,1,-1,1,1,-1,1,0,1,Phishing
973,1,1,1,1,1,-1,1,1,-1,1,1,1,1,0,-1,1,-1,1,0,1,1,1,1,1,1,0,-1,-1,0,1,Phishing
974,1,-1,1,1,1,1,0,-1,1,1,1,1,-1,0,-1,-1,1,1,0,1,1,1,1,-1,1,-1,-1,1,1,1,Phishing
975,1,-1,1,1,1,-1,1,-1,1,-1,-1,1,-1,0,-1,-1,-1,1,0,-1,1,-1,-1,1,-1,1,-1,1,1,-1,Legitimate
976,1,1,1,1,1,-1,1,1,-1,1,1,1,1,1,1,-1,1,1,0,1,1,1,1,1,1,1,1,1,0,1,Phishing
977,1,-1,1,1,1,-1,0,-1,-1,1,1,1,1,-1,0,-1,1,1,0,1,1,1,1,-1,1,1,-1,1,0,1,Legitimate
978,1,-1,1,-1,-1,-1,1,1,-1,1,1,1,1,1,0,1,1,1,1,1,1,1,1,-1,1,1,-1,1,0,1,Phishing
979,-1,1,-1,1,-1,-1,1,1,-1,1,1,-1,1,1,-1,1,1,1,0,1,1,1,1,1,-1,1,-1,-1,-1,1,Phishing
980,-1,-1,-1,1,-1,-1,0,0,-1,1,1,-1,-1,-1,1,-1,1,-1,1,1,1,1,1,1,-1,-1,-1,1,0,1,Legitimate
981,1,-1,1,1,1,1,-1,1,-1,1,1,1,1,1,-1,-1,1,1,0,1,1,1,1,-1,1,0,-1,1,0,1,Phishing
982,-1,-1,1,1,1,-1,0,-1,1,1,1,1,-1,0,0,1,1,1,0,1,1,1,-1,-1,1,-1,1,1,1,-1,Legitimate
983,1,-1,1,1,1,-1,-1,1,-1,1,1,1,1,0,1,-1,1,1,0,1,1,1,1,-1,1,0,-1,1,0,1,Phishing
984,1,-1,1,-1,1,1,1,1,-1,1,1,-1,-1,1,-1,-1,-1,-1,0,1,1,1,1,-1,1,0,-1,1,0,1,Phishing
985,-1,-1,1,1,1,-1,1,1,-1,1,1,-1,-1,1,1,-1,1,1,0,1,1,1,1,1,1,1,-1,1,0,1,Phishing
986,1,-1,1,1,1,-1,0,1,1,-1,1,1,-1,1,0,-1,1,1,0,1,1,-1,-1,-1,-1,1,1,-1,1,1,Phishing
987,-1,-1,-1,1,-1,-1,0,-1,-1,1,1,-1,1,-1,1,-1,1,-1,1,1,1,-1,1,-1,-1,-1,-1,1,1,-1,Legitimate
988,1,0,1,1,1,-1,0,0,1,1,1,1,-1,-1,-1,-1,-1,-1,0,1,1,1,1,1,-1,1,-1,1,1,-1,Legitimate
989,1,-1,1,1,1,-1,-1,1,1,1,1,1,-1,1,1,-1,1,1,0,1,1,1,1,1,1,1,1,1,0,1,Phishing
990,1,-1,1,1,1,-1,0,-1,-1,-1,-1,1,1,-1,0,-1,-1,1,0,-1,1,-1,-1,-1,-1,-1,-1,-1,0,-1,Legitimate
991,1,-1,1,1,1,1,-1,1,-1,-1,-1,1,1,1,1,-1,-1,1,0,-1,-1,-1,-1,1,1,1,-1,1,1,-1,Phishing
992,-1,1,1,1,1,-1,1,1,-1,-1,1,1,1,1,0,1,1,1,1,-1,1,-1,1,1,1,1,-1,1,1,1,Phishing
993,1,-1,1,1,1,1,1,1,-1,1,1,1,1,0,-1,-1,1,1,0,1,1,1,1,-1,1,1,1,1,0,1,Phishing
994,1,-1,1,1,1,-1,-1,1,-1,1,1,1,1,0,-1,-1,1,1,0,1,1,1,1,-1,1,0,-1,1,0,1,Legitimate
995,1,-1,1,-1,1,1,1,1,-1,1,1,1,1,1,1,-1,1,1,0,1,1,1,1,1,1,1,-1,1,0,1,Phishing
996,-1,-1,1,1,1,-1,0,-1,-1,1,1,1,-1,-1,0,-1,-1,1,0,1,1,1,1,-1,1,-1,1,1,0,1,Legitimate
997,1,1,1,1,1,1,-1,1,-1,1,1,1,1,-1,0,1,1,1,0,1,1,1,1,1,-1,1,-1,1,1,1,Phishing
998,1,-1,1,1,1,1,0,-1,-1,1,1,1,-1,1,1,-1,1,1,0,1,1,1,1,-1,-1,1,-1,1,1,1,Phishing
999,1,-1,1,1,1,-1,0,-1,-1,1,1,1,-1,0,0,-1,1,1,0,1,1,1,1,1,1,1,-1,1,1,1,Phishing
1000,1,-1,1,1,1,-1,1,1,1,1,1,1,-1,0,0,-1,1,1,0,1,1,1,1,1,-1,1,-1,1,0,1,Phishing
1001,1,-1,1,1,1,-1,1,1,-1,1,1,1,1,1,0,-1,1,1,0,1,1,1,1,1,1,0,-1,1,0,1,Phishing
1002,1,1,1,1,1,-1,1,1,-1,1,1,1,1,1,0,-1,1,1,0,1,1,1,1,1,1,1,-1,1,0,1,Phishing
1003,1,-1,1,1,1,-1,1,1,1,1,1,1,-1,0,0,-1,1,1,0,1,1,1,1,1,1,1,1,-1,0,1,Phishing
1004,-1,0,1,1,1,-1,0,1,-1,-1,1,-1,-1,-1,0,-1,1,1,0,-1,1,-1,-1,-1,1,0,-1,1,0,-1,Legitimate
1005,1,1,1,1,1,-1,-1,-1,-1,1,1,1,1,-1,-1,1,1,1,0,1,1,1,1,-1,-1,-1,-1,1,1,1,Legitimate
1006,1,-1,1,1,1,-1,1,1,-1,1,1,1,1,0,-1,-1,1,1,0,1,1,1,1,1,1,0,-1,1,0,1,Phishing
1007,-1,-1,1,1,1,1,1,1,-1,1,1,1,1,0,-1,1,1,1,0,1,1,1,1,1,1,-1,-1,1,1,1,Phishing
1008,-1,-1,1,1,1,-1,-1,-1,-1,1,1,1,-1,-1,0,-1,1,1,0,1,1,1,1,1,1,1,-1,1,0,-1,Legitimate
1009,-1,-1,1,1,1,-1,1,0,-1,1,1,1,-1,-1,-1,-1,1,1,0,1,1,1,1,-1,1,-1,-1,1,1,1,Legitimate
1010,1,-1,1,1,1,-1,-1,1,-1,1,1,1,1,0,1,-1,1,1,0,1,1,1,1,-1,1,1,-1,1,0,1,Phishing
1011,1,-1,1,1,1,-1,-1,-1,1,1,1,1,-1,0,-1,-1,1,1,0,1,1,1,1,1,-1,0,-1,1,1,1,Legitimate
1012,-1,-1,-1,1,-1,-1,1,1,1,1,1,-1,-1,0,1,1,1,-1,1,1,1,1,1,1,-1,1,-1,1,1,1,Phishing
1013,1,-1,1,1,1,-1,1,1,1,1,1,1,-1,0,1,-1,1,1,0,1,1,1,1,-1,1,0,-1,1,0,1,Phishing
1014,-1,-1,1,1,1,-1,-1,1,1,-1,1,1,-1,1,0,1,1,1,1,1,1,-1,-1,-1,1,1,1,1,1,1,Phishing
1015,1,-1,1,1,1,-1,0,-1,-1,1,1,1,1,-1,0,-1,1,1,0,1,1,1,1,-1,1,1,-1,1,0,1,Legitimate
1016,1,-1,1,1,1,-1,1,1,-1,1,1,-1,-1,1,0,-1,-1,-1,0,1,1,1,1,1,-1,-1,-1,1,0,-1,Phishing
1017,1,-1,1,1,1,1,1,1,-1,1,1,1,1,0,1,-1,1,1,0,1,1,1,1,1,1,1,-1,1,0,-1,Phishing
1018,1,-1,1,1,1,-1,-1,1,1,1,1,1,-1,0,0,-1,1,1,0,1,1,1,1,1,1,1,1,1,0,1,Phishing
1019,1,-1,1,1,1,-1,-1,-1,-1,1,1,1,1,-1,-1,-1,1,1,0,1,1,1,1,-1,1,1,-1,1,0,1,Legitimate
1020,-1,1,-1,-1,-1,-1,0,-1,-1,-1,1,-1,1,-1,1,-1,1,-1,0,-1,1,-1,1,1,-1,1,-1,1,1,1,Legitimate
1021,1,-1,1,1,1,-1,-1,1,1,1,1,1,1,0,-1,-1,1,1,0,1,1,1,1,1,-1,1,-1,1,1,1,Phishing
1022,-1,-1,1,1,1,-1,-1,0,1,1,1,1,-1,0,-1,-1,1,1,0,1,1,1,1,-1,1,0,1,1,0,1,Legitimate
1023,1,-1,1,1,1,-1,-1,1,-1,1,1,1,1,0,0,-1,1,1,0,1,1,1,1,-1,-1,0,-1,1,0,1,Legitimate
1024,1,-1,1,1,1,-1,-1,-1,1,1,1,1,1,0,-1,1,1,1,0,1,1,1,1,1,1,0,-1,1,0,1,Phishing
1025,1,-1,1,1,1,-1,0,-1,-1,-1,1,1,1,-1,1,-1,1,1,0,1,1,-1,1,-1,1,-1,-1,1,0,1,Legitimate
1026,-1,-1,-1,-1,-1,-1,1,-1,1,-1,-1,-1,-1,-1,-1,-1,-1,-1,0,-1,1,-1,-1,-1,-1,1,1,-1,1,1,Legitimate
1027,1,-1,1,1,1,-1,-1,-1,-1,-1,1,1,1,-1,1,-1,1,1,0,1,1,-1,1,1,1,0,-1,1,0,1,Legitimate
1028,1,-1,1,1,1,1,-1,1,1,1,1,1,-1,0,1,-1,1,1,0,1,1,1,1,-1,1,-1,-1,1,1,1,Phishing
1029,1,-1,1,1,1,1,0,1,-1,1,1,1,1,0,-1,-1,1,1,0,1,1,1,1,-1,1,0,-1,1,0,1,Phishing
1030,1,-1,1,1,1,-1,1,1,-1,1,1,1,-1,0,0,1,1,1,0,1,1,1,1,1,1,1,-1,1,0,1,Phishing
1031,1,-1,1,1,1,-1,0,1,-1,1,1,1,1,0,0,-1,1,1,0,1,1,1,1,-1,1,1,1,1,0,1,Phishing
1032,1,-1,1,1,1,1,0,1,1,-1,-1,1,-1,1,1,-1,-1,1,0,-1,1,-1,-1,1,1,1,-1,1,1,-1,Phishing
1033,1,1,1,1,1,1,1,1,-1,1,1,1,1,0,1,-1,1,1,0,1,1,1,1,1,1,-1,1,1,1,1,Phishing
1034,1,-1,1,1,1,-1,1,1,-1,1,1,1,1,0,0,-1,1,1,0,1,1,1,1,1,1,1,1,-1,0,1,Phishing
1035,1,-1,1,1,1,-1,1,-1,1,1,1,1,-1,-1,-1,-1,1,1,0,1,1,1,1,1,1,-1,-1,1,0,1,Legitimate
1036,-1,-1,1,-1,1,-1,-1,-1,-1,1,1,1,1,-1,0,-1,1,1,0,1,1,1,1,-1,1,1,-1,1,0,1,Legitimate
1037,1,-1,1,1,1,-1,-1,1,-1,1,1,1,1,0,0,-1,1,1,0,1,1,1,1,-1,1,0,-1,1,0,1,Phishing
1038,1,-1,1,1,1,-1,0,0,1,1,1,1,-1,-1,0,-1,1,1,0,1,1,1,1,1,-1,0,-1,1,1,1,Legitimate
1039,1,1,1,1,1,-1,-1,1,-1,1,1,1,1,0,0,1,1,1,0,1,1,1,1,-1,1,1,-1,-1,0,1,Phishing
1040,1,-1,1,-1,1,-1,-1,-1,1,1,1,1,-1,-1,0,-1,1,1,0,1,1,1,1,1,-1,-1,-1,1,0,1,Legitimate
1041,-1,-1,1,1,1,-1,1,1,1,1,1,1,-1,0,1,1,1,1,0,1,1,1,1,-1,1,0,-1,1,1,1,Phishing
1042,-1,-1,-1,-1,-1,-1,1,-1,-1,-1,1,-1,-1,-1,1,-1,-1,-1,1,-1,1,-1,1,-1,-1,0,-1,1,0,-1,Legitimate
1043,1,-1,1,1,1,-1,-1,-1,-1,-1,-1,1,1,-1,-1,-1,-1,1,0,1,1,1,1,-1,-1,1,-1,-1,1,-1,Legitimate
1044,1,1,1,1,1,-1,0,-1,-1,1,1,1,1,0,1,0,1,1,0,1,1,1,1,1,1,1,-1,1,0,-1,Phishing
1045,1,-1,1,1,1,-1,0,-1,1,-1,1,1,-1,-1,0,-1,1,-1,0,1,1,-1,1,-1,-1,0,-1,1,1,-1,Legitimate
1046,-1,-1,-1,1,-1,-1,1,-1,-1,1,1,-1,1,0,0,1,1,-1,0,1,1,1,1,-1,-1,1,1,-1,1,1,Phishing
1047,1,-1,1,1,1,-1,1,1,-1,1,1,1,1,0,-1,-1,1,1,0,1,1,1,1,1,1,1,1,1,0,1,Phishing
1048,-1,-1,1,1,1,-1,1,1,-1,-1,-1,1,-1,1,0,-1,-1,1,0,1,1,-1,-1,1,1,1,-1,1,0,1,Phishing
1049,1,1,1,1,1,-1,0,1,-1,-1,1,1,1,0,-1,1,1,1,0,-1,1,-1,1,-1,1,1,-1,1,0,1,Phishing
1050,1,-1,1,1,1,-1,1,1,1,1,1,1,1,1,0,1,1,1,0,1,1,1,1,1,1,-1,-1,1,0,1,Phishing
1051,-1,1,1,1,1,-1,0,1,-1,-1,1,1,1,0,0,-1,1,1,0,-1,1,-1,-1,1,1,1,-1,1,1,1,Phishing
1052,1,1,1,1,1,1,-1,1,-1,1,1,1,1,0,0,1,1,1,0,1,1,1,1,-1,-1,1,-1,1,1,1,Phishing
1053,1,-1,1,1,1,-1,1,1,-1,1,1,1,1,0,0,-1,1,1,0,1,1,1,1,1,1,1,-1,1,0,1,Phishing
1054,-1,1,-1,1,-1,-1,1,1,-1,1,1,-1,1,1,-1,1,1,1,1,1,1,1,1,1,-1,-1,1,1,-1,1,Phishing
1055,1,1,1,1,1,-1,1,1,-1,1,1,1,1,1,-1,1,1,1,0,1,1,1,1,1,1,1,1,-1,0,1,Phishing
1056,1,-1,1,-1,1,1,1,1,1,-1,-1,1,-1,0,1,-1,-1,1,0,-1,1,-1,-1,-1,1,1,-1,1,1,1,Phishing
1057,1,-1,1,1,1,-1,1,-1,-1,1,1,1,1,0,-1,-1,1,1,0,1,1,1,1,1,1,1,-1,1,0,1,Legitimate
1058,-1,1,-1,1,-1,-1,0,-1,-1,1,1,-1,1,-1,1,1,1,-1,1,1,1,1,1,-1,-1,-1,-1,1,0,-1,Legitimate
1059,1,-1,1,1,1,-1,-1,-1,1,-1,-1,1,-1,-1,0,-1,-1,1,0,1,1,-1,1,-1,-1,-1,-1,1,0,-1,Legitimate
1060,-1,1,1,1,1,-1,1,1,-1,1,1,1,1,0,1,-1,1,1,0,1,1,1,1,1,1,1,-1,1,1,1,Phishing
1061,1,-1,1,1,1,-1,0,1,-1,1,1,1,1,0,1,-1,1,1,0,1,1,1,1,-1,1,1,-1,1,0,1,Phishing
1062,-1,-1,-1,1,-1,1,-1,1,-1,1,1,-1,-1,0,0,-1,1,-1,0,1,1,1,1,1,1,1,-1,1,0,-1,Phishing
1063,1,1,1,1,1,1,1,1,-1,1,1,1,1,1,0,1,1,1,0,1,1,1,1,1,1,-1,1,1,0,1,Phishing
1064,1,-1,1,1,1,-1,0,1,-1,1,1,1,1,0,0,-1,1,1,0,1,1,1,1,-1,1,1,-1,1,0,1,Phishing
1065,-1,-1,1,-1,1,-1,0,1,-1,1,1,1,-1,0,1,-1,1,1,1,1,1,1,1,-1,1,0,-1,1,0,1,Legitimate
1066,1,-1,1,1,1,-1,0,1,-1,1,1,1,1,0,-1,-1,1,1,0,1,1,1,1,1,-1,0,-1,1,0,1,Legitimate
1067,-1,-1,1,1,1,-1,0,1,1,-1,1,1,1,0,-1,-1,1,1,0,1,-1,-1,-1,-1,1,0,-1,1,1,1,Phishing
1068,1,-1,1,1,1,-1,-1,-1,1,1,1,1,-1,0,-1,-1,1,1,0,1,1,1,1,-1,-1,0,-1,-1,0,1,Legitimate
1069,1,-1,1,1,1,-1,1,1,-1,-1,1,1,1,0,0,-1,1,1,0,1,1,-1,1,-1,1,0,1,1,0,1,Phishing
1070,-1,-1,-1,1,-1,-1,0,-1,-1,1,1,-1,1,1,0,-1,1,-1,1,1,1,1,1,1,-1,1,-1,1,1,1,Phishing
1071,-1,-1,1,-1,1,-1,0,1,1,-1,-1,1,-1,-1,1,-1,-1,1,0,-1,1,-1,-1,1,1,1,-1,-1,1,1,Legitimate
1072,1,-1,1,1,1,-1,1,1,1,1,1,1,-1,0,0,-1,1,1,0,1,1,1,1,-1,1,1,1,1,0,1,Phishing
1073,-1,1,1,-1,1,-1,0,0,-1,-1,-1,1,1,-1,0,-1,-1,1,0,1,1,1,1,1,1,0,1,1,1,1,Legitimate
1074,-1,-1,1,1,1,-1,0,0,-1,1,1,1,-1,-1,-1,-1,1,1,0,1,1,1,1,1,1,1,-1,-1,0,1,Legitimate
1075,1,-1,1,1,1,-1,0,-1,1,1,1,1,-1,-1,0,-1,1,1,0,1,1,1,1,-1,1,-1,-1,1,0,1,Legitimate
1076,1,-1,1,1,1,-1,1,1,-1,1,1,1,1,0,0,-1,1,1,0,1,1,1,1,-1,-1,0,-1,-1,1,1,Phishing
1077,1,1,1,-1,1,-1,1,1,-1,1,1,-1,1,0,1,1,1,1,0,1,1,1,1,1,-1,1,-1,1,-1,1,Phishing
1078,1,-1,1,1,1,1,1,1,-1,1,1,1,1,0,1,-1,1,1,0,1,1,1,1,1,1,1,-1,1,0,1,Phishing
1079,1,-1,1,1,-1,1,-1,1,-1,1,1,1,1,1,0,-1,1,1,0,1,1,1,1,1,1,1,-1,1,0,1,Phishing
1080,-1,-1,1,1,1,-1,-1,-1,1,1,1,1,-1,-1,-1,-1,1,1,0,1,1,1,1,1,1,0,-1,-1,1,1,Legitimate
1081,1,-1,1,1,1,-1,0,1,1,1,1,1,-1,1,0,-1,1,1,0,1,1,1,1,-1,1,1,-1,1,0,1,Phishing
1082,1,-1,1,1,1,-1,-1,1,1,-1,-1,1,-1,0,-1,-1,-1,1,0,-1,1,-1,-1,-1,1,0,-1,1,0,-1,Legitimate
1083,1,-1,1,1,1,-1,0,1,-1,1,1,1,-1,0,0,-1,1,1,0,1,1,1,1,1,1,1,-1,1,0,1,Phishing
1084,1,-1,1,1,1,-1,-1,1,1,-1,-1,1,-1,1,1,-1,-1,1,0,1,1,-1,1,1,-1,1,1,1,1,-1,Phishing
1085,1,-1,1,1,1,-1,-1,1,-1,1,1,1,1,0,-1,-1,1,1,0,1,1,1,1,-1,1,0,-1,1,0,1,Legitimate
1086,1,-1,1,1,1,-1,-1,-1,1,1,1,1,-1,1,-1,-1,1,1,0,1,1,1,1,1,1,-1,-1,1,0,1,Legitimate
1087,-1,-1,-1,1,-1,-1,-1,-1,1,-1,-1,-1,-1,-1,1,-1,-1,-1,1,1,1,-1,-1,-1,-1,0,-1,1,1,1,Legitimate
1088,-1,0,-1,-1,1,-1,-1,-1,1,1,1,1,-1,-1,-1,-1,-1,-1,0,1,1,1,1,1,1,1,-1,1,0,1,Legitimate
1089,1,-1,-1,1,-1,-1,-1,-1,-1,1,1,-1,1,-1,1,-1,1,-1,1,1,1,1,1,1,-1,0,-1,-1,0,1,Legitimate
1090,-1,-1,-1,1,-1,-1,-1,1,-1,1,1,-1,1,0,0,-1,1,-1,1,1,1,1,1,1,-1,1,-1,1,1,1,Phishing
1091,1,-1,1,1,1,-1,0,-1,-1,1,1,1,1,0,-1,-1,1,1,0,1,1,1,1,-1,1,1,1,1,0,1,Legitimate
1092,1,-1,1,1,1,1,0,1,-1,1,1,1,1,0,0,-1,1,1,0,1,1,1,1,1,1,1,-1,1,0,1,Phishing
1093,-1,-1,1,1,1,-1,1,1,1,1,1,1,1,0,-1,1,1,1,0,1,1,1,1,1,1,1,-1,1,1,1,Phishing
1094,1,-1,1,1,1,-1,0,1,-1,1,1,1,-1,0,1,-1,1,1,0,1,1,1,1,-1,1,0,-1,1,0,1,Legitimate
1095,-1,-1,1,1,1,-1,1,1,-1,-1,1,1,1,0,1,-1,1,1,0,1,1,-1,-1,-1,1,0,1,1,1,1,Phishing
1096,1,1,1,1,1,1,-1,1,-1,1,1,1,1,1,0,1,1,1,0,1,1,1,1,-1,-1,1,-1,1,1,1,Phishing
1097,-1,0,1,-1,1,-1,0,1,1,1,-1,1,-1,-1,-1,-1,-1,1,0,1,-1,1,-1,-1,1,0,1,1,0,1,Legitimate
1098,-1,-1,-1,1,-1,-1,1,1,-1,1,1,-1,1,1,-1,-1,1,-1,1,1,1,1,1,1,-1,1,-1,1,1,1,Phishing
1099,1,-1,1,1,1,1,1,1,-1,1,1,1,1,1,1,1,1,1,0,1,1,1,1,1,1,1,-1,1,0,-1,Phishing
1100,1,-1,1,1,1,-1,-1,-1,1,1,1,1,-1,-1,-1,-1,1,1,0,1,1,1,1,-1,-1,-1,-1,-1,1,1,Legitimate
1101,1,-1,1,1,1,-1,0,0,-1,1,1,1,1,-1,0,-1,1,1,0,1,1,1,1,-1,1,1,1,1,0,1,Legitimate
1102,1,-1,1,1,1,-1,0,0,-1,1,1,1,1,-1,-1,-1,1,1,0,1,1,1,1,-1,1,-1,-1,1,0,1,Legitimate
1103,1,-1,1,1,1,-1,1,1,1,1,1,1,-1,1,1,1,1,1,0,1,1,1,1,-1,1,1,-1,1,0,1,Phishing
1104,1,-1,1,1,1,-1,0,0,-1,1,1,1,1,-1,-1,-1,1,1,0,1,1,1,1,1,1,-1,-1,1,0,1,Legitimate
1105,1,1,1,-1,1,-1,0,1,-1,-1,-1,1,1,1,0,1,-1,1,0,1,1,-1,1,1,1,1,1,1,1,1,Phishing
1106,1,-1,1,1,1,-1,0,-1,1,1,1,-1,-1,-1,-1,-1,-1,-1,0,1,1,1,1,1,-1,0,-1,1,-1,-1,Legitimate
1107,-1,-1,-1,1,-1,-1,0,1,1,1,1,-1,-1,0,1,-1,1,-1,1,1,1,1,1,1,1,1,-1,1,1,1,Phishing
1108,1,1,1,1,1,1,-1,1,-1,1,1,1,1,0,0,1,1,1,0,1,1,1,1,-1,-1,1,-1,1,1,1,Phishing
1109,1,-1,1,1,1,-1,0,1,-1,1,1,1,1,1,-1,-1,1,1,0,1,1,1,1,-1,1,0,-1,1,0,1,Phishing
1110,-1,-1,1,1,-1,-1,1,-1,1,1,1,-1,-1,0,-1,-1,1,1,1,1,1,1,1,1,1,1,-1,1,1,1,Legitimate
1111,-1,1,1,1,1,-1,-1,1,-1,1,1,1,1,0,-1,-1,1,1,0,1,1,1,1,1,1,1,-1,1,1,1,Phishing
1112,-1,-1,1,1,1,-1,0,-1,1,1,1,1,-1,0,-1,-1,1,1,1,1,1,1,1,-1,1,0,-1,1,0,1,Legitimate
1113,1,1,1,1,1,-1,0,-1,-1,1,1,1,1,0,0,1,1,1,0,1,1,1,1,-1,1,1,-1,1,0,1,Phishing
1114,1,-1,1,1,1,-1,0,0,-1,-1,-1,1,-1,-1,0,-1,-1,1,0,1,1,-1,1,1,-1,0,-1,1,0,-1,Legitimate
1115,-1,1,-1,1,-1,-1,0,-1,-1,1,1,-1,1,0,-1,-1,1,-1,1,1,1,1,1,1,-1,1,1,1,1,1,Legitimate
1116,1,-1,1,1,1,-1,0,-1,1,1,1,1,1,0,-1,-1,1,1,0,1,1,1,1,-1,-1,1,-1,1,1,1,Legitimate
1117,1,-1,1,1,1,-1,0,1,-1,1,1,1,1,0,0,-1,1,1,0,1,1,1,1,1,1,0,-1,1,0,1,Phishing
1118,1,-1,1,1,1,-1,-1,-1,-1,1,1,1,1,0,-1,-1,1,1,0,1,1,1,1,1,1,1,-1,1,0,1,Legitimate
1119,1,-1,1,1,1,-1,-1,1,-1,-1,-1,1,1,0,1,-1,-1,1,0,1,-1,-1,-1,1,-1,1,1,1,1,-1,Phishing
1120,1,-1,1,1,1,-1,0,-1,-1,1,1,1,1,-1,-1,-1,1,1,0,1,1,1,1,-1,1,0,-1,1,0,1,Legitimate
1121,-1,-1,1,1,1,-1,-1,-1,1,1,1,1,-1,-1,0,0,1,1,0,1,1,1,1,1,1,1,-1,1,1,1,Legitimate
1122,-1,-1,1,1,1,-1,0,-1,-1,1,1,1,-1,-1,-1,-1,1,1,1,1,1,1,1,-1,1,0,-1,1,0,-1,Legitimate
1123,1,-1,1,1,1,-1,1,1,1,1,1,1,1,0,1,1,1,1,0,1,1,1,1,-1,1,-1,-1,1,0,-1,Phishing
1124,-1,-1,-1,-1,-1,-1,1,1,1,1,1,-1,-1,1,-1,1,1,-1,0,1,1,1,1,-1,-1,0,-1,1,1,1,Phishing
1125,1,-1,1,1,1,-1,0,0,-1,-1,-1,1,-1,-1,0,-1,-1,-1,0,-1,1,-1,1,1,-1,0,-1,1,0,-1,Legitimate
1126,-1,-1,-1,-1,-1,-1,-1,-1,1,-1,-1,-1,-1,-1,1,-1,-1,-1,1,-1,1,-1,-1,-1,-1,0,-1,1,1,1,Legitimate
1127,-1,-1,1,1,1,-1,0,1,-1,1,1,1,1,0,-1,0,1,1,0,1,1,1,1,-1,1,1,-1,1,1,1,Phishing
1128,1,-1,1,1,1,-1,0,1,1,1,1,1,-1,-1,-1,-1,1,1,0,1,1,1,1,-1,1,-1,-1,1,0,1,Legitimate
1129,1,-1,1,1,1,1,1,1,-1,-1,-1,1,1,1,0,-1,-1,1,0,-1,1,-1,-1,1,1,1,-1,1,0,-1,Phishing
1130,1,-1,1,-1,1,-1,0,-1,-1,1,1,1,1,-1,0,-1,1,1,0,1,1,1,1,-1,-1,-1,-1,-1,1,1,Legitimate
1131,-1,-1,1,1,1,-1,1,-1,1,1,1,1,-1,-1,-1,-1,1,1,0,1,1,1,1,-1,1,0,1,1,0,1,Legitimate
1132,1,-1,1,1,1,-1,0,1,-1,1,1,1,1,1,1,-1,1,1,0,1,1,1,1,-1,1,1,-1,1,0,1,Phishing
1133,-1,-1,1,1,1,-1,0,1,1,-1,1,1,-1,0,0,1,1,1,0,1,1,-1,1,1,1,1,-1,1,1,1,Phishing
1134,1,0,1,1,1,-1,-1,-1,-1,1,1,-1,1,0,-1,-1,-1,-1,0,1,1,1,1,1,-1,1,-1,1,0,-1,Legitimate
1135,-1,-1,-1,1,-1,-1,0,1,-1,1,1,-1,1,1,1,-1,1,-1,1,1,1,1,1,1,1,1,-1,1,1,1,Phishing
1136,-1,-1,-1,1,-1,-1,1,1,-1,1,1,-1,-1,0,-1,-1,1,-1,1,1,1,1,1,1,-1,1,-1,1,1,1,Phishing
1137,1,-1,1,1,1,1,1,1,1,1,1,1,-1,1,0,-1,1,1,0,1,1,1,1,-1,1,-1,1,1,1,1,Phishing
1138,1,-1,1,1,1,-1,1,1,-1,1,1,-1,1,1,1,-1,1,1,0,1,1,1,1,1,-1,-1,-1,1,1,1,Phishing
1139,-1,1,1,1,1,-1,-1,-1,-1,1,1,1,1,-1,0,-1,1,1,0,1,1,1,1,1,1,0,1,1,0,1,Legitimate
1140,1,-1,1,1,1,-1,1,1,-1,1,1,1,1,1,0,-1,1,1,0,1,1,1,1,1,1,1,-1,1,0,1,Phishing
1141,-1,1,-1,1,-1,1,0,-1,-1,1,1,-1,1,1,1,1,1,-1,1,1,1,1,1,1,-1,1,-1,1,1,-1,Phishing
1142,1,-1,1,1,1,-1,0,0,-1,-1,-1,1,1,-1,-1,-1,-1,1,0,-1,-1,-1,-1,1,1,1,-1,1,0,-1,Legitimate
1143,-1,1,1,1,1,-1,1,-1,-1,1,1,1,1,0,-1,-1,1,1,0,1,1,1,1,1,1,-1,-1,1,0,-1,Legitimate
1144,1,-1,1,1,1,-1,-1,1,-1,1,1,1,1,0,0,1,1,1,1,1,1,1,1,-1,1,1,-1,1,0,1,Phishing
1145,-1,1,-1,1,-1,-1,-1,1,-1,1,1,-1,1,0,-1,1,1,1,1,1,1,1,1,-1,-1,0,-1,1,1,1,Legitimate
1146,-1,-1,-1,-1,-1,-1,0,-1,-1,-1,-1,-1,-1,-1,1,-1,-1,-1,0,1,1,-1,1,-1,-1,0,-1,-1,1,1,Legitimate
1147,1,-1,1,1,1,-1,-1,-1,-1,1,1,1,1,0,0,-1,1,1,0,1,1,1,1,-1,1,0,-1,1,0,1,Legitimate
1148,1,-1,1,1,1,-1,-1,-1,1,1,1,1,-1,-1,0,-1,1,1,0,1,1,1,1,-1,-1,0,-1,1,0,1,Legitimate
1149,1,1,1,1,1,-1,-1,-1,-1,1,1,1,1,-1,0,1,1,1,0,1,1,1,1,-1,1,-1,-1,1,0,-1,Legitimate
1150,-1,-1,-1,1,-1,-1,1,1,-1,1,1,-1,1,0,1,-1,1,-1,1,1,1,1,1,1,-1,-1,-1,1,1,1,Phishing
1151,-1,-1,1,1,1,-1,0,-1,1,1,1,1,-1,0,-1,-1,1,1,0,1,1,1,1,-1,1,1,-1,1,1,1,Phishing
1152,1,-1,1,1,1,-1,-1,-1,1,1,1,1,-1,0,0,-1,1,1,0,1,1,1,1,1,-1,1,-1,1,1,1,Legitimate
1153,1,1,1,1,1,-1,0,-1,-1,1,1,1,1,0,0,-1,1,1,0,1,1,1,1,1,1,1,1,1,0,1,Phishing
1154,1,-1,1,1,1,-1,1,1,-1,1,1,1,1,1,0,-1,1,1,0,1,1,1,1,1,1,1,1,1,0,1,Phishing
1155,1,-1,1,1,1,-1,1,1,-1,1,1,1,1,1,0,-1,1,1,0,1,1,1,1,1,1,1,-1,1,0,1,Phishing
1156,-1,-1,1,1,1,-1,0,1,1,1,1,1,-1,0,0,-1,1,1,0,1,1,1,1,-1,1,1,-1,1,1,1,Phishing
1157,-1,-1,1,-1,1,-1,0,1,-1,-1,-1,1,1,0,1,-1,-1,1,0,-1,-1,-1,-1,-1,1,1,1,1,1,1,Phishing
1158,1,-1,1,1,1,-1,1,1,-1,1,1,1,1,0,0,-1,1,1,0,1,1,1,1,1,1,0,-1,1,0,1,Phishing
1159,1,-1,1,-1,1,-1,0,1,-1,1,1,1,1,0,1,-1,1,1,0,1,1,1,1,1,1,1,-1,1,-1,1,Legitimate
1160,1,-1,1,1,1,-1,-1,-1,1,1,1,1,-1,0,0,-1,1,1,0,1,1,1,1,-1,1,-1,1,1,0,1,Legitimate
1161,1,-1,1,1,1,-1,0,-1,-1,1,1,1,1,-1,-1,0,1,1,0,1,1,1,1,1,1,0,-1,-1,0,1,Legitimate
1162,1,-1,1,1,1,-1,-1,1,1,1,1,1,-1,0,0,-1,1,1,0,1,1,1,1,1,1,1,-1,1,0,1,Phishing
1163,1,-1,1,1,1,-1,-1,1,-1,1,1,1,-1,0,0,-1,1,1,0,1,1,1,1,1,1,1,1,1,0,1,Phishing
1164,1,-1,1,1,1,1,1,1,1,1,1,1,-1,1,1,-1,1,1,0,1,1,1,1,-1,1,1,1,1,0,1,Phishing
1165,1,-1,1,1,1,-1,1,1,-1,1,1,1,1,0,0,-1,1,1,0,1,1,1,1,1,1,1,-1,1,0,1,Phishing
1166,1,-1,1,1,1,-1,0,1,-1,1,1,1,-1,0,-1,1,1,1,0,1,1,1,1,-1,1,1,1,1,0,1,Phishing
1167,-1,-1,-1,1,-1,-1,1,1,-1,1,1,-1,1,0,-1,0,1,-1,0,1,1,1,1,-1,-1,1,-1,-1,1,1,Phishing
1168,-1,-1,1,1,1,1,-1,1,1,1,1,1,-1,1,1,-1,1,1,0,1,1,1,1,1,1,1,-1,1,1,1,Phishing
1169,1,-1,1,1,1,-1,1,-1,-1,1,1,1,1,-1,-1,-1,1,1,0,1,1,1,1,1,1,0,-1,1,0,1,Legitimate
1170,1,-1,1,1,1,-1,0,0,1,-1,-1,1,-1,0,0,-1,-1,1,0,-1,-1,-1,-1,1,1,-1,-1,-1,0,-1,Legitimate
1171,-1,-1,1,1,1,-1,1,1,-1,-1,-1,1,1,0,0,-1,-1,1,0,1,1,-1,1,1,1,-1,-1,1,0,1,Phishing
1172,-1,-1,1,1,1,-1,-1,-1,-1,1,1,1,-1,0,-1,1,1,1,0,1,1,1,1,1,1,1,-1,-1,1,1,Legitimate
1173,-1,-1,1,1,1,-1,0,1,-1,1,1,1,1,0,1,-1,1,1,0,-1,1,1,1,-1,1,1,1,1,0,1,Phishing
1174,-1,-1,-1,1,-1,-1,-1,1,-1,1,1,-1,1,1,0,-1,1,-1,1,1,1,1,1,1,-1,1,-1,1,1,1,Phishing
1175,1,-1,1,-1,1,1,1,1,-1,1,1,1,1,1,1,-1,-1,-1,0,1,1,1,1,1,1,-1,1,1,-1,1,Phishing
1176,-1,-1,1,1,1,-1,-1,-1,-1,1,1,-1,-1,0,-1,-1,1,1,0,1,1,1,1,-1,1,1,1,1,0,1,Legitimate
1177,-1,-1,1,1,1,-1,0,1,-1,1,1,1,1,0,0,-1,1,1,0,1,1,1,1,-1,1,1,-1,-1,1,1,Phishing
1178,-1,-1,1,-1,1,-1,0,-1,1,-1,-1,1,-1,-1,-1,-1,-1,1,0,-1,-1,-1,-1,1,1,1,-1,1,1,1,Legitimate
1179,-1,-1,1,1,1,1,1,-1,1,1,1,1,-1,0,0,-1,1,1,0,1,1,1,1,1,1,0,-1,-1,1,1,Phishing
1180,-1,-1,1,1,1,-1,-1,-1,1,1,1,1,-1,-1,0,-1,1,1,0,1,1,1,1,1,1,1,-1,-1,1,1,Legitimate
1181,-1,-1,-1,1,-1,1,-1,1,-1,1,1,-1,1,0,0,-1,1,-1,1,1,1,1,1,1,-1,1,-1,1,1,1,Phishing
1182,-1,-1,1,-1,1,-1,0,1,-1,-1,-1,1,1,0,0,1,-1,1,1,1,1,-1,-1,-1,1,1,1,1,1,1,Phishing
1183,-1,-1,1,1,1,1,-1,1,-1,-1,1,-1,1,1,-1,-1,-1,1,0,1,-1,-1,-1,-1,1,1,-1,1,1,1,Phishing
1184,-1,1,-1,-1,-1,-1,0,-1,-1,1,1,-1,1,-1,1,1,1,-1,1,1,1,1,1,-1,-1,-1,-1,1,0,-1,Legitimate
1185,1,-1,1,1,1,-1,1,-1,-1,1,1,1,1,0,0,-1,1,1,0,1,1,1,1,1,1,0,-1,1,0,1,Phishing
1186,1,-1,1,-1,1,1,1,1,-1,-1,-1,1,-1,1,0,-1,-1,-1,0,1,1,1,1,1,1,-1,-1,1,0,1,Phishing
1187,1,-1,1,1,1,-1,0,1,-1,1,1,1,1,0,0,-1,1,1,0,1,1,1,1,-1,1,0,1,1,0,1,Legitimate
1188,1,-1,1,1,1,-1,1,1,-1,1,1,1,1,0,1,-1,1,1,0,1,1,1,1,1,-1,-1,-1,1,1,1,Phishing
1189,-1,-1,1,1,1,-1,0,0,1,1,1,1,-1,-1,-1,-1,1,1,0,1,1,1,1,-1,1,-1,-1,1,1,1,Legitimate
1190,1,-1,1,1,1,-1,1,-1,1,1,1,1,-1,-1,-1,-1,1,1,0,1,1,1,1,1,-1,-1,-1,1,0,1,Legitimate
1191,1,1,1,1,1,-1,0,-1,1,1,1,1,-1,-1,0,-1,1,1,0,1,1,1,1,1,1,-1,1,1,0,1,Legitimate
1192,-1,-1,1,1,1,-1,-1,-1,1,1,1,1,-1,0,-1,1,1,1,0,1,1,1,1,1,1,1,-1,-1,1,1,Legitimate
1193,1,1,1,1,1,-1,-1,1,-1,1,1,1,1,0,0,1,1,1,0,1,1,1,1,1,1,1,-1,1,0,1,Phishing
1194,1,-1,1,1,1,-1,-1,-1,-1,1,1,1,1,-1,0,-1,1,1,0,1,1,1,1,1,1,0,-1,1,-1,1,Legitimate
1195,1,-1,1,1,1,-1,-1,1,1,1,1,1,1,1,1,-1,1,1,0,1,1,1,1,1,1,1,1,1,0,1,Phishing
1196,-1,-1,1,1,1,-1,-1,-1,1,1,1,1,-1,-1,-1,-1,1,1,0,1,1,1,1,1,1,1,-1,-1,1,1,Legitimate
1197,1,-1,1,-1,1,-1,1,1,-1,1,1,1,-1,0,0,0,1,1,0,1,1,1,1,-1,1,-1,-1,1,0,1,Phishing
1198,1,-1,1,1,1,-1,0,-1,1,1,1,1,1,-1,-1,-1,1,1,0,1,1,1,1,1,1,1,-1,1,0,1,Legitimate
1199,1,-1,1,1,1,-1,1,1,1,1,1,1,-1,-1,-1,-1,1,1,0,1,1,1,1,1,-1,-1,-1,1,0,1,Legitimate
1200,1,-1,1,1,1,-1,-1,-1,1,1,1,1,-1,-1,0,-1,1,1,0,1,1,1,1,-1,-1,-1,-1,1,1,1,Legitimate
1201,1,-1,1,1,1,-1,-1,-1,-1,1,1,1,-1,0,0,-1,1,1,0,1,1,1,1,-1,-1,0,-1,1,0,1,Legitimate
1202,1,-1,1,1,1,-1,1,1,-1,1,1,1,1,0,-1,1,1,1,0,1,1,1,1,1,1,1,-1,1,0,1,Phishing
1203,-1,1,-1,-1,-1,1,1,1,-1,1,1,-1,-1,0,1,-1,1,-1,1,1,1,1,1,1,-1,1,1,1,1,1,Phishing
1204,1,-1,1,1,1,-1,0,0,1,-1,-1,1,-1,-1,-1,-1,-1,1,0,-1,-1,-1,-1,1,-1,1,-1,-1,1,-1,Legitimate
1205,1,-1,1,1,1,1,1,1,-1,1,1,1,-1,0,-1,-1,-1,1,0,1,1,1,1,1,1,0,-1,1,0,1,Phishing
1206,1,-1,1,1,1,-1,-1,1,-1,1,1,1,1,0,0,-1,1,1,0,1,1,1,1,1,1,1,-1,1,0,1,Phishing
1207,1,-1,1,1,1,-1,0,1,-1,1,1,1,1,0,-1,-1,1,1,0,1,1,1,1,-1,-1,1,1,1,1,1,Phishing
1208,1,-1,1,1,1,-1,1,1,-1,1,1,1,-1,0,0,-1,1,1,0,1,1,1,1,1,1,1,-1,1,0,1,Phishing
1209,1,1,1,1,1,-1,1,1,-1,-1,1,1,1,0,0,1,1,1,0,-1,1,-1,1,1,-1,1,-1,1,-1,1,Phishing
1210,1,-1,1,1,1,-1,-1,-1,1,1,1,1,-1,0,0,-1,1,1,0,1,1,1,1,1,-1,1,-1,1,1,1,Legitimate
1211,1,-1,1,1,1,-1,0,1,-1,1,1,1,1,0,-1,-1,1,1,0,1,1,1,1,-1,1,1,-1,1,0,1,Phishing
1212,-1,-1,1,1,1,-1,0,-1,-1,1,1,1,-1,0,0,0,1,1,0,1,1,1,1,-1,1,1,-1,1,1,1,Phishing
1213,-1,-1,1,1,1,-1,1,0,-1,1,1,1,1,-1,0,-1,-1,1,0,1,1,1,1,-1,1,-1,-1,1,0,1,Legitimate
1214,1,-1,1,1,1,-1,-1,-1,1,1,1,1,-1,-1,-1,-1,1,1,0,1,1,1,1,-1,-1,-1,-1,-1,0,1,Legitimate
1215,-1,-1,1,1,1,-1,1,1,-1,1,1,1,-1,0,1,1,1,1,0,1,1,1,1,-1,1,0,-1,1,1,1,Phishing
1216,1,-1,1,-1,1,-1,-1,1,1,1,1,1,-1,0,-1,-1,1,1,0,1,1,1,1,-1,1,0,-1,-1,0,1,Legitimate
1217,1,-1,1,-1,1,-1,1,1,-1,-1,-1,1,1,0,1,1,-1,-1,0,-1,1,-1,1,1,1,1,-1,1,0,1,Phishing
1218,-1,-1,1,1,1,-1,-1,-1,-1,1,1,1,1,0,-1,1,1,1,0,1,1,1,1,1,1,1,-1,1,1,1,Legitimate
1219,1,-1,1,1,1,-1,0,1,-1,-1,-1,1,1,0,1,-1,-1,1,0,-1,-1,-1,-1,-1,-1,1,-1,1,1,-1,Phishing
1220,-1,-1,1,-1,1,-1,1,1,-1,-1,-1,1,1,0,1,1,-1,1,0,1,-1,-1,-1,-1,1,1,-1,1,1,1,Phishing
1221,-1,1,-1,-1,-1,-1,-1,-1,-1,1,1,-1,1,-1,1,0,1,-1,1,1,1,1,1,1,-1,0,1,1,0,1,Legitimate
1222,1,-1,1,1,1,1,1,-1,-1,1,1,1,1,1,0,-1,1,1,0,1,1,1,1,1,-1,-1,-1,1,1,1,Phishing
1223,-1,-1,-1,1,-1,-1,1,1,-1,1,1,-1,1,0,0,0,1,-1,1,1,1,1,1,1,-1,-1,-1,1,1,1,Phishing
1224,1,1,1,1,1,-1,1,1,-1,1,1,1,1,0,0,-1,1,1,0,1,1,1,1,1,1,-1,1,1,0,1,Phishing
1225,-1,-1,-1,1,-1,-1,-1,-1,1,-1,-1,-1,-1,-1,1,-1,-1,-1,1,-1,1,-1,-1,1,-1,1,-1,1,1,-1,Legitimate
1226,1,0,-1,-1,1,-1,1,1,-1,1,1,1,1,0,0,-1,-1,-1,0,-1,1,-1,1,-1,1,0,-1,1,-1,1,Phishing
1227,1,-1,1,1,1,-1,1,-1,1,1,1,1,1,0,-1,-1,1,1,0,1,1,1,1,-1,-1,0,-1,1,1,1,Legitimate
1228,1,-1,1,1,1,-1,1,1,-1,1,1,1,1,1,0,0,1,1,0,1,1,1,1,1,1,1,-1,1,0,1,Phishing
1229,1,-1,1,1,1,-1,0,1,-1,1,1,1,-1,1,-1,-1,1,1,0,1,1,1,1,-1,1,0,1,-1,0,1,Phishing
1230,1,-1,1,1,1,-1,-1,1,1,1,1,1,1,0,0,-1,1,1,0,1,1,1,1,1,1,1,-1,1,0,1,Phishing
1231,-1,-1,-1,1,-1,1,1,1,1,1,1,-1,-1,0,0,-1,1,1,0,1,1,1,1,-1,-1,1,1,-1,1,1,Phishing
1232,-1,1,1,1,1,-1,-1,-1,-1,1,1,1,1,-1,-1,-1,1,1,0,1,1,1,1,1,1,1,1,-1,1,1,Legitimate
1233,1,-1,1,1,1,-1,-1,-1,1,1,1,1,1,-1,-1,-1,1,1,0,1,1,1,1,1,1,-1,-1,1,0,1,Legitimate
1234,1,1,1,1,1,1,0,1,-1,1,1,1,1,0,-1,-1,1,1,0,1,1,1,1,-1,1,1,1,1,0,1,Phishing
1235,1,-1,1,1,1,-1,0,0,1,1,1,1,-1,-1,0,-1,1,1,0,1,1,1,1,1,-1,-1,-1,-1,0,1,Legitimate
1236,1,-1,1,1,1,-1,1,1,-1,1,1,1,-1,-1,0,-1,1,1,0,1,1,1,1,-1,-1,1,-1,1,0,-1,Legitimate
1237,1,-1,1,1,1,-1,1,-1,-1,1,1,1,-1,0,-1,-1,1,1,0,1,1,1,1,1,1,-1,-1,1,0,1,Phishing
1238,1,-1,1,1,1,-1,0,1,1,1,1,1,-1,1,1,-1,1,1,0,1,1,1,1,-1,1,1,1,1,0,1,Phishing
1239,1,1,1,1,1,-1,-1,-1,-1,1,1,1,1,-1,-1,1,1,1,0,1,1,1,1,-1,-1,0,-1,1,0,1,Legitimate
1240,1,1,1,-1,1,-1,-1,1,-1,-1,-1,1,1,0,-1,0,-1,1,0,1,1,-1,1,1,1,1,-1,1,1,1,Phishing
1241,-1,1,1,1,1,-1,1,1,-1,-1,1,1,1,1,0,1,1,1,0,-1,1,-1,1,1,1,-1,1,-1,1,1,Phishing
1242,1,-1,1,1,1,-1,1,1,-1,1,1,1,1,0,0,0,1,1,0,1,1,1,1,-1,1,1,-1,1,0,1,Phishing
1243,1,-1,1,1,1,-1,1,1,1,1,1,1,-1,0,0,-1,1,1,0,1,1,1,1,1,1,1,1,-1,0,1,Phishing
1244,1,-1,1,1,1,-1,1,1,-1,1,1,1,1,1,1,-1,1,1,0,1,1,1,1,1,1,-1,-1,-1,0,-1,Phishing
1245,1,1,1,1,1,-1,1,1,-1,-1,1,-1,1,0,0,1,1,1,0,-1,1,-1,1,1,1,1,-1,1,-1,1,Phishing
1246,1,-1,1,1,1,-1,1,1,-1,1,1,1,-1,0,-1,-1,1,1,0,1,1,1,1,1,1,1,1,1,0,1,Phishing
1247,1,-1,1,1,1,-1,0,1,-1,1,1,1,1,0,1,-1,1,1,0,1,1,1,1,-1,1,1,-1,1,0,1,Phishing
1248,1,-1,1,1,1,-1,1,1,-1,1,1,1,1,0,1,-1,-1,-1,0,1,1,1,1,1,1,1,-1,-1,-1,-1,Phishing
1249,-1,-1,1,1,1,-1,-1,1,-1,1,1,1,-1,0,-1,-1,1,1,0,1,1,1,1,-1,1,0,1,1,0,1,Legitimate
1250,1,-1,1,1,1,-1,-1,1,-1,1,1,1,1,0,0,-1,1,1,0,1,1,1,1,1,1,0,-1,1,0,1,Phishing
1251,1,-1,1,1,1,-1,1,-1,-1,1,1,1,1,0,1,-1,1,1,0,1,1,1,1,1,-1,0,-1,1,0,1,Legitimate
1252,1,-1,1,1,1,1,1,1,-1,1,1,1,1,0,0,-1,1,1,0,1,1,1,1,1,1,-1,-1,1,0,1,Phishing
1253,1,-1,1,1,1,-1,0,-1,-1,1,1,1,1,0,0,-1,1,1,0,1,1,1,1,-1,-1,1,-1,1,0,1,Legitimate
1254,1,-1,1,1,1,-1,0,1,1,1,1,1,-1,0,1,-1,1,1,0,1,1,1,1,-1,1,1,-1,1,0,1,Phishing
1255,1,-1,1,1,1,-1,1,1,-1,1,1,1,1,0,0,-1,1,1,0,1,1,1,1,-1,1,0,1,1,0,1,Phishing
1256,-1,-1,1,1,1,-1,1,1,-1,1,1,1,1,0,0,-1,1,1,0,1,1,1,1,-1,1,1,-1,1,1,1,Phishing
1257,-1,1,-1,1,-1,-1,0,-1,-1,-1,-1,-1,1,-1,1,1,-1,-1,1,-1,-1,-1,-1,-1,-1,1,-1,1,1,-1,Legitimate
1258,1,-1,1,1,1,-1,-1,-1,-1,1,1,1,1,0,-1,-1,1,1,0,1,1,1,1,-1,1,0,-1,1,0,1,Phishing
1259,-1,-1,1,1,1,-1,0,-1,1,1,1,1,-1,-1,-1,-1,1,1,0,1,1,1,1,-1,1,-1,1,1,1,1,Legitimate
1260,-1,1,1,1,1,-1,0,1,-1,-1,1,1,1,0,0,-1,1,1,0,-1,1,-1,-1,1,1,1,1,1,0,1,Phishing
1261,1,-1,1,1,1,-1,0,1,1,1,1,1,-1,0,0,-1,1,1,0,1,1,1,1,-1,1,-1,1,1,0,1,Phishing
1262,1,-1,1,1,1,-1,0,1,1,1,1,1,1,0,-1,-1,-1,1,0,1,1,1,1,1,1,0,-1,1,1,1,Legitimate
1263,1,-1,-1,1,-1,-1,1,1,-1,1,1,-1,1,0,-1,0,1,1,1,1,1,1,1,1,-1,1,-1,1,-1,1,Phishing
1264,1,-1,1,1,1,-1,-1,-1,-1,1,1,-1,1,-1,-1,-1,-1,1,0,1,1,1,1,-1,-1,1,-1,1,0,1,Legitimate
1265,-1,-1,1,-1,1,-1,0,-1,-1,-1,-1,1,-1,-1,0,0,-1,1,0,1,1,-1,1,-1,1,0,1,1,1,1,Legitimate
1266,1,-1,1,1,1,-1,0,0,1,-1,-1,1,-1,-1,1,-1,-1,1,0,1,1,-1,1,1,-1,-1,-1,-1,0,-1,Legitimate
1267,-1,-1,1,1,1,1,1,1,-1,1,1,1,1,1,1,1,1,1,0,1,1,1,1,-1,1,-1,1,1,1,1,Phishing
1268,1,-1,1,1,1,-1,1,1,-1,1,1,1,1,1,1,-1,1,1,0,1,1,1,1,1,1,1,-1,1,0,1,Phishing
1269,1,-1,1,1,1,-1,0,1,-1,1,1,1,1,1,-1,-1,1,1,0,1,1,1,1,1,1,1,-1,1,0,1,Phishing
1270,1,-1,1,1,1,1,-1,1,-1,1,1,1,1,1,1,1,1,-1,0,1,1,1,1,-1,1,1,1,1,0,1,Phishing
1271,1,-1,1,-1,1,-1,0,-1,1,1,1,1,1,-1,0,-1,1,1,0,1,1,1,1,-1,-1,-1,-1,1,0,1,Legitimate
1272,-1,-1,-1,1,-1,-1,1,1,-1,1,1,-1,1,0,1,1,1,-1,1,1,1,1,1,1,-1,0,-1,1,1,1,Phishing
1273,1,-1,1,1,1,-1,1,1,-1,1,1,1,1,0,0,1,-1,1,0,1,1,-1,-1,1,1,-1,-1,-1,0,1,Phishing
1274,-1,-1,1,1,1,1,-1,1,-1,1,1,1,1,0,1,-1,1,1,0,1,1,1,1,1,1,1,-1,1,1,1,Phishing
1275,1,1,1,1,1,1,1,1,1,1,1,1,-1,1,1,-1,1,1,0,1,1,1,1,1,1,1,1,1,0,-1,Phishing
1276,1,1,1,1,1,1,-1,1,-1,1,1,1,1,1,0,1,1,1,0,1,1,1,1,1,-1,-1,-1,1,1,1,Phishing
1277,1,-1,1,1,1,-1,1,1,-1,1,1,1,-1,0,0,1,1,1,0,1,1,1,1,-1,1,1,1,1,0,1,Phishing
1278,1,-1,1,1,1,-1,-1,1,-1,1,1,1,1,1,0,-1,1,1,0,1,1,1,1,1,-1,-1,1,1,1,1,Phishing
1279,1,-1,1,1,1,-1,-1,-1,1,1,1,1,-1,0,-1,-1,1,1,0,1,1,1,1,1,-1,1,-1,1,1,1,Phishing
1280,1,-1,1,1,1,-1,1,1,-1,1,1,1,1,0,-1,-1,1,1,0,1,1,1,1,1,1,0,-1,1,0,1,Phishing
1281,1,0,-1,1,1,-1,-1,-1,1,1,1,1,-1,-1,0,-1,-1,-1,0,1,1,1,1,1,-1,-1,-1,1,0,-1,Legitimate
1282,-1,-1,-1,1,-1,-1,1,1,-1,1,1,-1,1,1,1,1,1,-1,0,1,1,1,1,1,-1,-1,-1,1,1,1,Phishing
1283,-1,-1,-1,1,-1,-1,0,1,1,1,1,-1,-1,1,1,-1,1,-1,0,1,1,1,1,1,-1,1,-1,1,1,1,Phishing
1284,1,-1,1,1,1,-1,1,-1,1,1,1,1,-1,-1,-1,-1,1,1,1,1,1,1,1,-1,1,-1,-1,1,0,1,Legitimate
1285,1,-1,1,1,1,-1,-1,-1,-1,-1,-1,1,1,-1,0,-1,-1,1,0,-1,-1,-1,-1,-1,1,-1,-1,1,0,-1,Legitimate
1286,-1,-1,1,1,1,-1,1,-1,1,1,1,1,-1,0,-1,-1,1,1,0,1,1,1,1,1,1,1,-1,1,1,1,Legitimate
1287,1,-1,1,1,1,1,0,1,-1,1,1,1,1,1,0,-1,1,1,0,1,1,1,1,-1,-1,1,-1,1,0,1,Phishing
1288,1,-1,1,1,1,-1,-1,1,-1,1,1,1,1,0,-1,-1,1,1,0,1,1,1,1,1,-1,1,-1,-1,1,1,Phishing
1289,1,-1,1,-1,1,-1,0,-1,-1,-1,-1,1,1,1,0,-1,-1,1,0,-1,-1,-1,-1,-1,1,1,-1,-1,0,1,Legitimate
1290,-1,-1,1,1,1,-1,0,-1,1,1,1,1,-1,0,-1,-1,1,1,1,1,1,1,1,-1,1,0,1,1,0,1,Legitimate
1291,1,-1,1,1,1,-1,-1,-1,-1,1,1,1,-1,0,-1,-1,1,1,0,1,1,1,1,1,-1,1,-1,-1,1,1,Legitimate
1292,-1,-1,1,1,1,-1,-1,-1,-1,1,1,1,-1,-1,-1,0,1,1,0,1,1,1,1,-1,1,0,-1,1,0,1,Legitimate
1293,1,-1,1,1,1,-1,-1,-1,-1,1,1,1,1,-1,-1,-1,1,1,0,1,1,1,1,-1,1,0,-1,1,0,1,Legitimate
1294,-1,-1,1,1,1,-1,1,1,-1,1,1,1,1,0,-1,-1,1,1,0,1,1,1,1,1,1,1,-1,1,-1,1,Phishing
1295,1,-1,-1,1,-1,1,-1,1,-1,1,1,1,1,1,0,-1,1,1,1,1,1,1,1,-1,-1,1,-1,1,-1,1,Phishing
1296,1,-1,1,1,1,-1,1,-1,-1,1,1,1,1,1,0,-1,1,1,0,1,1,1,1,1,1,1,-1,1,0,1,Phishing
1297,1,-1,1,1,1,-1,-1,1,-1,-1,-1,1,1,1,0,-1,-1,1,0,-1,-1,-1,-1,-1,1,1,1,1,0,-1,Phishing
1298,1,-1,1,1,1,-1,0,-1,1,1,1,1,1,0,0,-1,1,1,0,1,1,1,1,1,1,1,1,1,1,1,Phishing
1299,1,-1,1,1,1,-1,0,0,1,1,1,1,-1,-1,1,-1,1,1,0,1,1,1,1,1,-1,-1,-1,1,1,1,Legitimate
1300,1,-1,1,1,1,-1,-1,-1,1,1,1,1,-1,-1,-1,-1,1,1,0,1,1,1,1,1,1,0,-1,1,0,1,Legitimate
1301,1,-1,1,-1,1,-1,1,1,1,-1,-1,1,1,1,-1,-1,-1,1,0,-1,1,-1,-1,-1,1,0,1,1,0,1,Legitimate
1302,1,-1,1,1,1,1,-1,1,-1,1,1,1,1,1,0,-1,1,1,0,1,1,1,1,1,1,1,-1,1,0,1,Phishing
1303,1,-1,1,1,1,-1,1,1,-1,1,1,1,1,0,0,-1,1,1,0,1,1,1,1,1,1,1,-1,1,0,1,Phishing
1304,1,1,1,1,1,-1,-1,1,-1,-1,-1,1,1,0,1,1,-1,1,0,1,1,-1,-1,1,-1,1,-1,1,1,1,Phishing
1305,1,-1,1,1,1,-1,-1,-1,-1,1,1,-1,-1,-1,-1,-1,1,1,0,1,1,1,1,-1,1,0,-1,1,0,1,Legitimate
1306,1,-1,1,1,1,1,0,1,-1,1,1,1,1,1,1,-1,1,1,0,1,1,1,1,-1,1,1,-1,1,0,1,Phishing
1307,-1,1,1,-1,1,-1,0,-1,1,1,1,1,1,-1,1,-1,1,1,0,1,1,1,-1,1,1,1,1,-1,0,1,Legitimate
1308,-1,-1,1,1,1,-1,0,0,1,1,1,1,1,0,-1,-1,1,1,1,1,1,1,1,-1,1,1,1,1,0,1,Legitimate
1309,-1,-1,-1,1,-1,-1,0,1,1,1,1,-1,-1,0,1,-1,1,-1,0,1,1,1,1,-1,-1,1,1,-1,1,1,Phishing
1310,-1,-1,-1,1,-1,1,0,1,-1,1,1,-1,1,0,0,-1,1,-1,0,1,1,1,1,-1,-1,1,-1,-1,1,1,Phishing
1311,-1,1,1,-1,1,-1,1,1,-1,1,1,1,1,0,0,-1,-1,-1,0,-1,-1,-1,-1,-1,1,0,-1,1,0,1,Phishing
1312,1,-1,1,1,1,-1,0,-1,1,1,1,1,-1,-1,0,-1,1,1,0,1,1,1,1,-1,1,0,-1,1,0,-1,Legitimate
1313,-1,-1,1,1,1,-1,0,-1,-1,1,1,1,-1,-1,-1,-1,1,1,0,1,1,1,1,-1,1,1,-1,1,0,1,Legitimate
1314,1,-1,1,1,1,-1,-1,1,-1,-1,1,1,1,0,1,-1,1,1,0,1,1,-1,1,1,-1,0,-1,1,0,1,Phishing
1315,-1,1,-1,1,-1,-1,0,1,1,1,1,-1,-1,-1,1,-1,1,-1,0,1,1,1,1,-1,1,-1,-1,1,0,1,Legitimate
1316,1,-1,1,1,1,-1,1,1,-1,1,1,1,1,1,1,-1,1,1,0,1,1,1,1,1,1,0,-1,1,0,1,Phishing
1317,-1,-1,-1,1,-1,-1,1,-1,-1,1,1,-1,1,1,0,-1,1,-1,1,1,1,1,1,1,-1,0,-1,1,1,1,Phishing
1318,-1,-1,1,1,1,-1,0,1,-1,-1,1,1,1,0,0,-1,1,1,0,1,1,-1,1,1,1,0,-1,1,0,1,Legitimate
1319,1,-1,1,1,1,-1,1,1,-1,1,1,1,1,-1,-1,-1,1,1,0,1,1,1,1,-1,1,0,-1,1,0,-1,Legitimate
1320,1,-1,1,1,1,-1,0,-1,1,1,1,1,-1,-1,-1,-1,1,1,0,1,1,1,1,1,1,1,-1,1,0,1,Legitimate
1321,1,1,1,-1,1,-1,1,1,-1,1,1,1,-1,0,1,1,1,1,0,1,1,1,1,1,1,1,1,1,0,1,Phishing
1322,-1,-1,-1,1,-1,-1,-1,1,-1,1,1,-1,1,0,0,-1,1,-1,1,1,1,1,1,1,-1,1,-1,1,1,1,Phishing
1323,1,-1,1,1,1,-1,1,1,-1,1,1,1,1,0,-1,-1,1,1,1,1,1,1,1,-1,1,0,-1,1,0,1,Phishing
1324,-1,-1,-1,-1,-1,-1,-1,-1,1,-1,-1,-1,-1,-1,-1,-1,-1,-1,1,-1,1,-1,-1,1,-1,0,-1,1,1,1,Legitimate
1325,-1,-1,1,1,1,-1,0,-1,-1,1,1,-1,1,0,-1,-1,1,1,0,1,1,1,1,-1,1,0,-1,-1,0,1,Legitimate
1326,1,-1,-1,-1,-1,1,1,1,1,1,1,-1,-1,1,0,1,-1,-1,0,1,1,1,1,-1,1,1,1,1,1,1,Phishing
1327,-1,-1,1,1,1,-1,0,-1,-1,1,1,1,-1,0,-1,0,1,1,0,1,1,1,1,-1,1,-1,1,1,1,1,Legitimate
1328,1,-1,1,1,1,-1,-1,-1,1,-1,-1,1,-1,-1,-1,-1,-1,-1,0,-1,1,-1,1,-1,-1,1,-1,1,-1,-1,Legitimate
1329,1,-1,1,1,1,-1,1,1,-1,1,1,1,1,0,1,-1,1,1,0,1,1,1,1,1,1,0,-1,1,0,1,Legitimate
1330,1,-1,1,1,1,-1,0,-1,-1,1,1,1,1,1,0,-1,1,1,0,1,1,1,1,-1,1,1,-1,1,0,1,Phishing
1331,1,-1,1,1,1,-1,-1,1,-1,1,1,1,1,0,-1,-1,1,1,0,1,1,1,1,1,-1,0,-1,1,1,1,Phishing
1332,-1,-1,-1,1,-1,-1,1,1,-1,1,1,-1,1,1,0,-1,1,-1,1,1,1,1,1,1,-1,1,-1,1,1,1,Phishing
1333,1,-1,1,1,1,-1,1,1,-1,1,1,-1,1,0,-1,-1,1,1,0,1,1,1,1,1,1,0,-1,1,0,1,Legitimate
1334,1,-1,1,1,1,-1,1,1,-1,-1,1,1,1,1,0,-1,1,1,0,1,1,-1,1,1,-1,1,-1,1,1,1,Phishing
1335,1,-1,1,1,1,1,-1,1,-1,1,1,1,1,0,-1,-1,1,1,0,1,1,1,1,1,-1,1,1,1,1,1,Phishing
1336,1,-1,1,1,1,-1,1,1,-1,1,1,1,1,1,0,-1,1,1,0,1,1,1,1,1,1,0,-1,1,0,1,Phishing
1337,1,-1,1,1,1,-1,-1,1,-1,1,1,1,1,1,1,-1,1,1,0,1,1,1,1,1,-1,1,-1,1,1,1,Phishing
1338,1,-1,1,1,1,-1,0,1,1,1,1,1,1,0,0,-1,1,1,0,1,1,1,1,1,1,1,-1,1,1,1,Phishing
1339,1,-1,1,1,1,-1,1,1,-1,1,1,1,1,1,0,1,1,1,1,1,1,1,1,-1,1,1,-1,1,0,1,Phishing
1340,1,-1,1,-1,1,1,1,1,1,-1,-1,1,-1,0,1,-1,-1,1,0,-1,1,-1,-1,1,1,-1,-1,1,1,1,Phishing
1341,-1,-1,1,1,1,-1,0,-1,1,1,1,1,-1,-1,-1,-1,1,1,0,1,1,1,1,1,1,0,-1,1,1,-1,Legitimate
1342,1,-1,1,1,1,-1,1,1,-1,1,1,1,-1,1,0,-1,1,1,0,1,1,1,1,1,1,1,1,1,0,1,Phishing
1343,1,-1,1,1,1,-1,0,0,1,1,1,1,-1,-1,0,-1,1,1,0,1,1,1,1,1,-1,-1,-1,1,0,1,Legitimate
1344,1,1,1,1,1,-1,0,1,-1,1,1,1,1,0,0,1,1,1,0,1,1,1,1,-1,1,1,-1,1,0,1,Phishing
1345,1,-1,1,1,1,-1,-1,-1,1,1,1,1,-1,0,-1,-1,1,1,0,1,1,1,1,-1,-1,0,-1,-1,0,1,Legitimate
1346,1,-1,1,1,1,1,0,1,-1,1,1,1,1,1,0,-1,1,1,0,1,1,1,1,-1,1,1,-1,1,1,1,Phishing
1347,1,1,-1,-1,-1,1,1,1,-1,1,1,-1,-1,0,1,-1,1,-1,1,1,1,1,1,1,-1,1,1,1,1,1,Phishing
1348,1,-1,1,1,1,-1,1,-1,-1,1,1,1,-1,-1,0,0,1,1,0,1,1,1,1,-1,1,-1,1,1,0,1,Legitimate
1349,1,1,1,-1,1,-1,1,1,-1,1,1,1,1,1,0,0,1,1,0,1,1,1,1,1,1,1,1,1,0,1,Phishing
1350,-1,-1,-1,-1,-1,-1,0,1,-1,-1,1,-1,1,-1,1,-1,1,-1,1,1,1,-1,1,1,-1,1,-1,1,1,1,Legitimate
1351,1,-1,1,1,1,-1,0,1,-1,1,1,1,1,0,0,-1,1,1,0,1,1,1,1,-1,1,-1,-1,1,0,1,Phishing
1352,1,-1,1,1,1,-1,0,-1,1,1,1,-1,-1,-1,-1,-1,1,-1,0,1,1,1,1,-1,-1,0,-1,1,1,-1,Legitimate
1353,1,-1,1,1,1,-1,-1,-1,-1,1,1,1,-1,-1,-1,-1,1,1,0,1,1,1,1,-1,-1,-1,-1,-1,0,-1,Legitimate
1354,-1,1,1,1,1,-1,1,1,-1,1,1,1,1,1,1,-1,1,1,0,1,1,1,1,1,1,-1,1,1,1,1,Phishing
1355,1,-1,1,1,1,-1,-1,1,-1,1,1,1,1,0,-1,-1,1,1,0,1,1,1,1,-1,1,1,-1,1,0,1,Phishing
1356,1,-1,1,1,1,-1,0,1,-1,1,1,1,1,0,-1,-1,1,1,0,1,1,1,1,-1,1,1,1,1,0,1,Phishing
1357,-1,1,-1,1,-1,-1,1,-1,-1,1,1,-1,1,-1,-1,-1,1,-1,1,1,1,1,1,1,-1,1,1,1,1,1,Legitimate
1358,-1,-1,1,1,1,1,1,1,-1,-1,1,1,1,0,1,-1,1,1,0,1,1,-1,1,-1,1,1,1,1,1,1,Phishing
1359,-1,-1,1,-1,1,-1,1,-1,-1,-1,-1,1,1,1,1,-1,-1,1,0,1,1,-1,1,-1,1,1,1,1,1,1,Phishing
1360,1,-1,1,1,1,-1,1,-1,1,1,1,1,1,0,-1,-1,1,1,0,1,1,1,1,1,1,1,-1,-1,0,1,Legitimate
1361,-1,-1,1,1,1,-1,-1,0,1,1,1,1,-1,0,0,1,1,1,0,1,1,1,1,1,1,0,-1,1,0,1,Legitimate
1362,1,-1,1,1,1,-1,1,-1,1,1,1,1,-1,-1,1,-1,1,1,0,1,1,1,1,1,-1,-1,-1,1,1,1,Legitimate
1363,1,-1,1,1,1,-1,-1,-1,-1,1,1,1,1,0,-1,-1,1,1,0,1,1,1,1,-1,-1,0,-1,1,0,1,Legitimate
1364,1,-1,1,1,1,-1,1,1,-1,1,1,1,1,1,1,-1,1,1,0,1,1,1,1,1,1,1,-1,1,0,1,Phishing
1365,1,-1,1,1,1,-1,0,-1,1,1,1,1,1,0,-1,-1,1,1,0,1,1,1,1,-1,1,1,-1,1,1,1,Legitimate
1366,-1,-1,1,1,1,-1,1,1,-1,1,1,1,1,0,0,-1,1,1,0,1,1,1,1,-1,1,0,-1,1,1,1,Phishing
1367,-1,-1,1,-1,1,-1,0,-1,-1,1,1,1,-1,0,-1,0,1,1,0,1,1,1,1,-1,1,1,1,1,1,1,Phishing
1368,1,-1,1,-1,1,-1,0,-1,-1,-1,-1,1,1,-1,0,-1,-1,1,0,-1,-1,-1,-1,-1,1,1,-1,1,0,1,Legitimate
1369,1,1,1,1,1,-1,-1,1,-1,1,1,1,1,0,1,1,1,1,0,1,1,1,1,1,1,1,-1,1,0,1,Phishing
1370,1,-1,1,1,1,-1,0,-1,-1,1,1,1,1,1,0,-1,1,1,0,1,1,1,1,1,-1,1,-1,1,0,1,Phishing
1371,1,-1,1,1,1,-1,1,0,-1,-1,1,1,1,-1,0,-1,1,1,0,-1,1,-1,1,-1,1,0,1,1,0,1,Legitimate
1372,1,-1,-1,1,-1,-1,0,-1,1,1,1,-1,-1,-1,1,-1,1,-1,0,-1,1,-1,-1,-1,-1,1,-1,-1,1,-1,Legitimate
1373,-1,-1,1,1,1,-1,0,1,-1,1,1,1,-1,0,0,-1,1,1,0,1,1,1,1,-1,1,-1,1,1,1,1,Phishing
1374,-1,-1,1,1,1,-1,-1,1,-1,1,1,1,-1,0,0,-1,1,1,0,1,1,1,1,1,1,1,-1,1,1,1,Phishing
1375,-1,-1,1,1,1,-1,-1,-1,-1,1,1,1,-1,-1,-1,0,1,1,0,1,1,1,1,-1,1,-1,-1,1,0,1,Legitimate
1376,1,-1,1,1,1,-1,1,1,-1,1,1,1,1,1,0,-1,1,1,0,1,1,1,1,-1,1,1,1,1,0,1,Phishing
1377,-1,-1,1,1,1,-1,0,1,1,1,1,1,-1,0,1,-1,1,1,0,1,1,1,1,-1,1,1,-1,1,1,1,Phishing
1378,1,-1,1,1,1,-1,1,1,1,1,1,1,-1,0,1,-1,1,1,0,1,1,1,1,1,-1,1,1,1,1,1,Phishing
1379,-1,0,-1,-1,-1,-1,0,-1,1,1,-1,1,-1,-1,1,-1,1,-1,1,1,-1,1,-1,-1,1,-1,1,1,1,-1,Legitimate
1380,-1,-1,1,1,1,-1,-1,-1,-1,-1,1,1,-1,-1,-1,-1,1,1,0,1,1,-1,1,-1,1,1,1,1,1,-1,Legitimate
1381,-1,-1,1,1,1,-1,0,-1,1,1,1,1,-1,-1,-1,-1,1,1,0,1,1,1,1,1,1,0,-1,1,1,1,Legitimate
1382,-1,1,1,-1,1,-1,1,1,-1,-1,-1,1,1,0,-1,0,-1,1,0,-1,-1,-1,-1,1,1,-1,1,1,1,1,Phishing
1383,1,-1,1,1,1,-1,0,-1,-1,1,1,1,-1,0,0,-1,1,1,0,1,1,1,1,1,1,1,-1,-1,0,1,Legitimate
1384,-1,-1,-1,1,-1,-1,1,1,-1,1,1,-1,-1,0,-1,1,1,-1,1,1,1,1,1,1,-1,1,-1,-1,1,1,Phishing
1385,-1,-1,1,1,1,-1,-1,-1,-1,-1,-1,1,1,-1,0,-1,-1,1,0,1,1,-1,1,1,1,0,-1,-1,0,1,Legitimate
1386,1,-1,1,1,1,-1,1,1,-1,1,1,1,1,0,-1,-1,1,1,0,1,1,1,1,1,1,1,-1,1,0,1,Phishing
1387,1,1,1,1,1,-1,-1,0,-1,1,-1,1,1,1,-1,-1,1,1,0,1,1,1,1,1,1,1,-1,1,0,1,Legitimate
1388,1,-1,1,1,1,-1,1,1,-1,1,1,1,-1,1,0,-1,1,1,0,1,1,1,1,1,1,1,-1,1,0,1,Phishing
1389,1,-1,1,-1,1,-1,1,1,1,1,1,1,-1,0,0,-1,1,1,0,1,1,1,1,-1,1,1,-1,1,0,1,Phishing
1390,1,1,1,-1,1,-1,-1,-1,-1,1,1,1,1,-1,0,1,1,1,0,1,1,1,1,-1,1,-1,-1,-1,0,1,Legitimate
1391,1,1,1,1,1,-1,-1,1,-1,-1,-1,1,1,0,1,1,-1,1,0,1,1,-1,-1,1,-1,1,-1,1,1,-1,Phishing
1392,1,-1,1,1,1,-1,1,1,-1,1,1,1,1,0,0,1,1,1,0,1,1,1,1,-1,1,1,1,1,0,1,Phishing
1393,-1,-1,1,-1,1,-1,0,-1,1,1,1,1,1,-1,-1,-1,1,1,1,1,1,1,1,1,-1,1,-1,-1,1,1,Legitimate
1394,-1,-1,1,1,1,-1,1,-1,-1,1,1,1,1,0,0,-1,-1,1,0,1,1,1,1,1,1,-1,-1,1,0,1,Legitimate
1395,-1,-1,1,1,1,-1,1,-1,1,1,1,1,-1,0,-1,-1,1,1,1,1,1,1,1,-1,1,1,1,1,0,1,Legitimate
1396,1,-1,1,1,1,-1,0,-1,-1,1,1,1,1,0,-1,1,1,1,0,1,1,1,1,1,1,1,-1,1,0,1,Legitimate
1397,-1,-1,1,1,1,1,1,1,-1,1,1,1,1,0,1,-1,1,1,0,1,1,1,1,-1,1,-1,1,1,1,1,Phishing
1398,1,-1,1,1,1,-1,1,1,-1,1,1,1,1,0,0,-1,1,1,0,1,1,1,1,1,1,1,-1,1,0,1,Phishing
1399,1,-1,1,1,1,-1,1,1,-1,1,1,1,1,0,-1,1,1,1,1,1,1,1,1,-1,1,1,1,1,0,1,Phishing
1400,1,-1,1,1,1,-1,1,1,-1,-1,-1,1,1,1,0,-1,-1,1,0,1,1,-1,-1,1,-1,1,-1,1,1,1,Phishing
1401,-1,-1,1,-1,1,-1,0,-1,1,-1,-1,1,1,-1,0,-1,-1,1,0,1,1,-1,1,1,1,1,-1,1,0,-1,Legitimate
1402,1,-1,1,1,1,-1,0,1,1,1,1,1,-1,0,-1,-1,1,1,0,1,1,1,1,-1,1,-1,-1,1,0,1,Phishing
1403,1,-1,1,1,1,-1,0,-1,-1,1,1,1,1,-1,1,0,1,1,0,1,1,1,1,-1,1,-1,-1,1,1,1,Legitimate
1404,1,-1,1,1,1,-1,0,0,-1,1,1,1,1,-1,0,-1,1,1,0,1,1,1,1,1,1,-1,-1,1,0,1,Legitimate
1405,1,-1,1,1,1,-1,-1,-1,-1,1,1,1,1,-1,1,-1,1,1,0,1,1,1,1,-1,-1,-1,-1,1,1,1,Legitimate
1406,-1,1,1,1,1,-1,-1,-1,-1,1,1,1,-1,-1,1,-1,1,1,0,1,1,1,1,1,1,1,1,1,0,1,Legitimate
1407,-1,1,1,1,1,-1,0,-1,-1,1,1,1,1,-1,0,-1,1,1,1,1,1,1,1,1,1,0,-1,1,1,1,Legitimate
1408,-1,-1,1,1,1,-1,0,-1,1,1,1,1,1,0,0,-1,1,1,0,1,1,1,1,-1,1,1,1,1,1,1,Legitimate
1409,-1,-1,1,-1,1,-1,-1,-1,-1,-1,-1,1,1,-1,0,-1,-1,1,0,-1,1,-1,-1,1,1,0,-1,-1,0,1,Legitimate
1410,-1,-1,1,-1,1,-1,0,-1,1,-1,-1,-1,-1,-1,-1,-1,-1,1,0,-1,-1,-1,-1,-1,1,1,-1,1,1,-1,Legitimate
1411,1,-1,1,-1,1,-1,0,-1,-1,1,1,1,1,0,0,-1,1,1,0,1,1,1,1,-1,1,0,1,1,0,1,Legitimate
1412,-1,-1,-1,1,-1,-1,1,1,-1,1,1,-1,1,1,-1,-1,1,-1,1,1,1,1,1,1,-1,1,-1,1,1,1,Phishing
1413,1,-1,1,1,1,-1,1,1,-1,1,1,-1,-1,1,0,-1,-1,-1,0,1,1,1,1,1,1,-1,-1,1,0,-1,Phishing
1414,1,-1,-1,-1,1,-1,1,1,-1,1,1,1,-1,0,1,1,1,1,0,1,1,1,1,-1,1,1,-1,-1,0,1,Phishing
1415,1,1,1,-1,1,-1,0,0,-1,1,1,1,1,-1,1,1,1,1,0,1,1,1,1,1,-1,-1,-1,1,-1,1,Legitimate
1416,1,-1,1,1,1,-1,1,0,-1,1,1,1,1,-1,0,-1,1,1,0,1,1,1,1,-1,1,-1,-1,1,0,1,Legitimate
1417,1,1,1,1,1,-1,1,1,-1,1,1,1,1,0,1,-1,1,-1,0,1,1,1,1,1,1,1,-1,1,0,1,Phishing
1418,1,1,1,-1,1,-1,0,-1,-1,1,1,1,1,-1,0,1,1,1,0,1,1,1,1,-1,-1,-1,-1,1,0,1,Legitimate
1419,-1,-1,-1,1,1,-1,1,1,1,1,1,-1,-1,0,-1,0,-1,1,0,1,1,1,1,1,-1,-1,-1,1,1,1,Phishing
1420,1,1,1,1,1,-1,-1,1,-1,1,1,1,1,0,1,1,1,1,0,1,1,1,1,1,1,1,1,1,0,1,Phishing
1421,1,-1,1,1,1,-1,1,1,-1,1,1,1,1,1,0,1,1,1,0,1,1,1,1,-1,1,-1,-1,-1,0,1,Phishing
1422,-1,1,1,1,1,-1,1,1,-1,1,1,1,1,0,1,-1,1,1,1,1,1,1,1,1,1,0,-1,1,1,-1,Phishing
1423,1,-1,1,1,1,-1,0,1,-1,1,1,1,1,0,0,-1,1,1,0,1,1,1,1,1,1,1,-1,1,0,1,Phishing
1424,-1,-1,-1,1,-1,1,1,1,-1,1,1,-1,1,0,0,-1,1,-1,1,1,1,1,1,1,-1,1,-1,1,1,-1,Phishing
1425,1,-1,1,-1,1,-1,0,0,1,1,1,1,-1,-1,0,-1,1,1,0,1,1,1,1,1,-1,-1,-1,1,1,1,Legitimate
1426,-1,-1,1,1,1,-1,1,-1,1,1,1,1,-1,0,-1,-1,1,1,0,1,1,1,1,1,1,1,-1,1,1,1,Legitimate
1427,1,-1,1,1,1,-1,0,-1,1,1,1,1,-1,0,-1,-1,1,1,0,1,1,1,1,1,1,1,-1,1,0,1,Legitimate
1428,1,-1,1,1,1,-1,-1,-1,-1,1,1,1,1,-1,-1,-1,1,1,0,1,1,1,1,1,1,1,-1,1,0,1,Legitimate
1429,-1,-1,1,1,1,-1,1,-1,1,1,1,1,-1,0,1,-1,1,1,0,1,1,1,1,1,1,0,-1,-1,1,1,Legitimate
1430,-1,-1,-1,1,-1,1,1,1,1,1,1,-1,1,0,0,-1,1,1,0,1,1,1,1,1,-1,1,-1,1,1,1,Phishing
1431,-1,-1,1,-1,1,-1,0,-1,1,1,1,1,-1,-1,-1,-1,1,1,0,1,1,1,1,1,1,0,-1,1,1,1,Legitimate
1432,-1,-1,-1,1,-1,1,-1,1,-1,1,1,-1,1,0,0,-1,1,-1,0,1,1,1,1,-1,-1,1,-1,-1,1,1,Phishing
1433,1,-1,1,1,1,-1,1,-1,-1,1,1,1,-1,0,-1,-1,1,1,0,1,1,1,1,1,1,1,-1,-1,0,1,Legitimate
1434,1,-1,1,1,1,-1,0,1,-1,1,1,-1,1,0,1,-1,1,1,0,1,1,1,1,1,1,1,-1,1,-1,1,Phishing
1435,1,-1,1,1,1,1,1,1,1,1,1,1,-1,1,1,-1,1,1,0,1,1,1,1,1,1,1,-1,1,0,1,Phishing
1436,-1,-1,1,1,1,-1,0,-1,-1,1,1,-1,-1,-1,0,0,1,1,1,1,1,1,1,-1,1,-1,1,1,0,1,Legitimate
1437,-1,-1,1,1,1,-1,1,1,1,1,1,1,-1,1,1,1,1,1,0,1,1,1,1,-1,1,-1,1,1,1,1,Phishing
1438,-1,1,1,1,1,-1,-1,-1,1,1,-1,1,1,-1,1,-1,-1,1,0,1,1,1,1,1,1,1,-1,-1,0,1,Legitimate
1439,-1,-1,1,1,1,-1,1,1,-1,1,1,1,1,1,-1,1,1,1,0,1,1,1,1,-1,1,1,1,1,1,1,Phishing
1440,-1,-1,1,-1,1,-1,1,1,-1,-1,-1,1,1,0,1,1,-1,1,0,1,-1,-1,-1,1,1,-1,-1,1,1,1,Phishing
1441,1,1,1,1,1,-1,1,1,-1,1,1,1,1,0,0,0,1,-1,0,1,1,1,1,-1,1,-1,-1,-1,0,1,Phishing
1442,1,-1,1,1,1,1,-1,1,-1,-1,-1,1,-1,1,-1,-1,-1,1,0,1,1,-1,1,1,1,1,-1,1,0,-1,Phishing
1443,-1,-1,-1,1,-1,-1,0,-1,-1,-1,-1,-1,-1,-1,1,-1,-1,-1,1,-1,1,-1,1,-1,-1,0,-1,1,1,-1,Legitimate
1444,1,-1,1,-1,1,1,1,1,-1,-1,-1,1,1,1,0,-1,-1,1,0,-1,1,-1,-1,1,1,1,-1,1,0,1,Phishing
1445,1,-1,1,-1,1,1,1,1,-1,-1,-1,1,-1,1,-1,-1,-1,1,0,1,1,-1,1,1,1,-1,-1,1,0,1,Phishing
1446,-1,-1,-1,1,-1,-1,1,1,-1,1,1,-1,1,0,-1,0,1,-1,1,1,1,1,1,1,-1,-1,-1,1,1,1,Phishing
1447,1,0,1,1,1,-1,-1,-1,1,1,1,-1,-1,0,0,-1,1,1,0,1,1,1,1,-1,1,1,-1,-1,-1,1,Legitimate
1448,-1,-1,1,1,1,-1,0,-1,-1,1,1,-1,1,0,-1,-1,1,1,0,1,1,1,1,1,1,0,-1,1,0,1,Legitimate
1449,1,-1,1,1,1,-1,0,-1,-1,1,1,1,-1,0,0,-1,1,1,1,1,1,1,1,-1,1,0,1,1,0,1,Legitimate
1450,1,1,1,1,1,-1,-1,1,-1,1,1,1,1,1,0,0,1,1,0,1,1,1,1,1,1,1,-1,1,0,1,Phishing
1451,1,-1,1,1,1,-1,-1,1,-1,1,1,1,1,1,1,-1,1,1,0,1,1,1,1,1,-1,1,-1,1,1,1,Phishing
1452,-1,-1,1,1,1,1,1,1,-1,-1,-1,1,1,0,0,-1,-1,1,0,-1,1,-1,1,1,1,1,-1,-1,1,1,Phishing
1453,1,-1,1,1,1,-1,-1,-1,-1,-1,-1,1,1,1,0,-1,-1,1,0,-1,-1,-1,-1,-1,1,0,-1,-1,0,-1,Legitimate
1454,1,-1,1,-1,1,-1,0,1,-1,-1,-1,1,1,1,-1,-1,-1,1,0,-1,1,-1,1,-1,1,1,-1,1,1,1,Phishing
1455,-1,-1,1,1,1,-1,0,1,-1,1,1,1,1,0,0,-1,1,1,0,1,1,1,1,1,1,1,-1,1,1,1,Legitimate
1456,-1,1,-1,1,-1,-1,-1,1,-1,1,1,-1,1,0,-1,1,1,-1,1,1,1,1,1,1,-1,0,-1,1,1,1,Phishing
1457,1,-1,1,1,1,-1,1,1,1,1,1,1,-1,1,1,-1,1,1,0,1,1,1,1,1,-1,-1,1,1,1,1,Phishing
1458,1,-1,1,1,1,-1,-1,1,-1,1,1,1,1,1,0,-1,1,1,0,1,1,1,1,-1,1,1,1,1,0,1,Phishing
1459,1,-1,1,1,1,-1,1,1,-1,1,1,1,1,0,0,-1,1,1,0,1,1,1,1,1,1,1,-1,1,0,1,Phishing
1460,-1,-1,-1,1,-1,-1,-1,1,-1,1,1,-1,1,0,-1,-1,1,-1,1,1,1,1,1,1,-1,1,1,1,1,1,Phishing
1461,1,1,1,1,1,-1,-1,1,-1,1,1,1,1,1,1,1,1,1,0,1,1,1,1,1,-1,1,-1,1,1,1,Phishing
1462,-1,1,1,1,1,-1,1,1,-1,-1,-1,1,1,0,1,0,-1,1,0,1,1,-1,-1,1,1,-1,1,1,1,1,Phishing
1463,1,-1,1,1,1,-1,-1,1,-1,1,1,1,1,0,1,-1,1,1,0,1,1,1,1,1,1,1,1,1,0,1,Phishing
1464,1,-1,1,1,1,-1,-1,1,1,-1,1,1,-1,-1,0,-1,1,1,0,1,1,-1,1,-1,-1,-1,-1,1,0,1,Legitimate
1465,1,-1,1,1,1,-1,-1,1,-1,1,1,1,-1,0,0,-1,1,1,0,1,1,1,1,-1,1,0,-1,1,0,1,Legitimate
1466,1,-1,1,1,1,-1,1,1,-1,1,1,1,-1,0,1,1,1,1,0,1,1,1,1,1,1,1,-1,1,0,1,Phishing
1467,1,-1,1,1,1,-1,1,1,-1,1,1,1,1,0,0,-1,1,1,0,1,1,1,1,-1,-1,0,-1,1,0,1,Phishing
1468,1,-1,1,1,1,-1,-1,-1,-1,1,1,-1,1,0,-1,-1,1,1,0,1,1,1,1,-1,-1,0,-1,-1,0,1,Legitimate
1469,1,-1,1,1,1,-1,-1,-1,-1,-1,-1,1,1,1,-1,-1,-1,1,0,-1,-1,-1,-1,-1,-1,1,-1,1,1,-1,Legitimate
1470,1,-1,1,1,1,-1,0,-1,-1,1,1,1,1,1,0,-1,1,1,0,1,1,1,1,-1,1,1,-1,1,0,1,Phishing
1471,-1,-1,1,1,1,-1,0,-1,-1,1,1,1,1,-1,-1,-1,1,1,0,1,1,1,1,1,1,1,-1,1,0,1,Legitimate
1472,1,-1,1,1,1,-1,0,-1,-1,1,1,1,1,1,0,-1,1,1,0,1,1,1,1,1,1,1,-1,1,0,1,Phishing
1473,1,-1,1,1,1,-1,0,1,-1,1,1,1,-1,0,-1,-1,1,1,0,1,1,1,1,1,-1,1,-1,1,1,1,Phishing
1474,-1,1,1,-1,-1,-1,1,-1,-1,-1,-1,1,1,-1,-1,1,-1,-1,1,-1,1,-1,1,1,1,1,1,1,-1,1,Legitimate
1475,1,1,1,1,1,-1,0,1,-1,-1,-1,1,1,0,0,1,-1,1,0,1,1,-1,1,-1,1,1,-1,1,0,-1,Phishing
1476,1,-1,1,-1,1,-1,1,1,-1,-1,-1,1,1,1,0,-1,-1,1,0,-1,-1,-1,-1,1,1,-1,-1,1,0,1,Phishing
1477,1,-1,1,1,1,1,0,1,-1,1,1,1,-1,1,0,-1,1,1,0,1,1,1,1,1,1,1,-1,1,1,1,Phishing
1478,1,-1,1,1,1,-1,1,1,1,-1,1,1,-1,0,0,-1,1,1,0,1,1,-1,1,1,-1,0,1,1,1,1,Phishing
1479,1,-1,1,1,1,1,-1,1,1,-1,-1,1,-1,0,1,-1,-1,1,0,-1,1,-1,-1,1,1,1,-1,1,1,-1,Phishing
1480,-1,-1,1,-1,1,-1,1,1,-1,-1,-1,1,1,0,1,0,-1,1,0,-1,1,-1,-1,-1,1,1,-1,1,1,1,Phishing
1481,-1,-1,1,1,1,1,1,1,-1,1,1,1,1,0,0,-1,1,1,0,1,1,1,1,-1,1,-1,-1,1,-1,1,Phishing
1482,1,-1,1,1,1,-1,-1,1,-1,1,1,1,1,0,1,-1,1,1,0,1,1,1,1,1,1,1,1,1,0,1,Phishing
1483,-1,-1,1,1,1,-1,1,1,-1,1,1,1,1,1,-1,-1,1,1,1,1,1,1,1,-1,1,1,1,1,1,1,Phishing
1484,1,-1,1,1,1,-1,-1,1,-1,1,1,1,-1,0,0,-1,1,1,0,1,1,1,1,-1,-1,0,-1,1,0,1,Legitimate
1485,1,-1,1,1,1,-1,-1,1,1,1,1,1,1,0,0,-1,1,1,0,1,1,1,1,-1,-1,-1,-1,1,1,1,Phishing
1486,1,-1,1,1,1,-1,0,-1,1,1,1,1,-1,0,-1,-1,1,1,0,1,1,1,1,-1,-1,1,-1,-1,0,1,Legitimate
1487,-1,-1,-1,1,-1,-1,1,1,-1,1,1,-1,1,0,0,-1,1,-1,1,1,1,1,1,1,-1,0,-1,1,1,1,Phishing
1488,-1,-1,-1,-1,-1,-1,0,-1,-1,-1,-1,-1,-1,0,1,-1,-1,-1,0,-1,1,1,-1,-1,-1,-1,1,-1,1,1,Legitimate
1489,1,-1,1,1,1,-1,1,1,-1,-1,-1,1,1,0,0,-1,-1,1,0,1,1,-1,1,-1,1,1,-1,1,0,1,Phishing
1490,-1,-1,1,-1,1,-1,1,1,-1,-1,-1,1,1,0,0,-1,-1,1,0,-1,-1,-1,-1,-1,1,1,-1,1,1,1,Phishing
1491,1,-1,-1,-1,-1,-1,0,1,-1,1,1,-1,1,0,-1,1,-1,-1,0,1,1,1,1,-1,-1,1,1,1,-1,1,Phishing
1492,1,-1,1,1,1,-1,0,0,1,1,1,1,-1,-1,-1,-1,1,1,0,1,1,1,1,1,-1,-1,-1,1,1,1,Legitimate
1493,1,-1,1,1,1,-1,-1,1,-1,1,1,1,1,1,0,-1,1,1,0,1,1,1,1,1,-1,1,1,1,1,1,Phishing
1494,-1,-1,1,1,1,-1,-1,1,1,1,1,1,1,0,1,-1,1,1,1,1,1,1,1,-1,1,-1,-1,1,1,1,Phishing
1495,1,-1,1,1,1,1,1,1,-1,-1,1,1,1,0,1,-1,1,1,0,1,1,-1,1,1,-1,1,-1,1,1,1,Phishing
1496,-1,1,1,1,1,-1,1,-1,-1,1,1,1,1,1,1,-1,1,1,0,1,1,1,1,1,1,1,1,1,1,1,Phishing
1497,1,-1,1,1,1,-1,0,1,-1,1,1,1,1,0,1,1,1,1,0,1,1,1,1,-1,1,1,-1,1,0,-1,Phishing
1498,1,1,1,1,1,-1,1,0,-1,1,1,1,1,0,0,-1,1,1,0,1,1,1,1,1,1,1,-1,1,-1,1,Phishing
1499,1,1,1,1,1,-1,0,-1,-1,1,1,1,1,-1,-1,-1,1,1,0,1,1,1,1,1,1,0,-1,1,0,1,Legitimate
1500,-1,-1,1,-1,1,-1,0,-1,-1,-1,-1,1,1,0,-1,-1,-1,1,0,1,1,-1,1,-1,1,0,-1,1,0,-1,Legitimate
1501,-1,-1,1,1,1,-1,-1,-1,-1,1,1,1,1,0,-1,1,1,1,0,1,1,1,1,-1,1,1,-1,1,1,1,Legitimate
1502,1,-1,1,1,1,-1,1,1,-1,1,1,1,1,0,0,1,1,1,0,1,1,1,1,1,1,1,-1,1,0,1,Phishing
1503,1,-1,1,1,1,-1,-1,1,1,1,1,-1,-1,1,1,-1,1,1,0,1,1,1,1,1,-1,1,-1,1,1,1,Phishing
1504,1,1,1,1,1,-1,-1,1,-1,1,1,1,1,1,0,1,1,1,0,1,1,1,1,1,1,1,1,1,0,1,Phishing
1505,1,-1,1,1,1,-1,-1,-1,-1,1,1,1,1,-1,-1,-1,1,1,0,1,1,1,1,1,1,0,-1,1,0,1,Legitimate
1506,-1,-1,-1,1,-1,-1,-1,1,-1,1,1,-1,1,1,1,-1,1,-1,0,1,1,1,1,1,-1,1,1,1,1,1,Phishing
1507,1,-1,1,1,1,-1,1,1,1,1,1,1,-1,0,0,-1,1,1,0,1,1,1,1,1,1,1,-1,1,0,1,Phishing
1508,1,-1,-1,1,-1,-1,0,-1,1,1,1,-1,-1,-1,1,-1,1,-1,0,-1,1,-1,-1,-1,-1,1,-1,-1,1,-1,Legitimate
1509,1,-1,1,1,1,-1,0,-1,1,1,1,1,1,-1,-1,-1,1,1,0,1,1,1,1,-1,1,0,1,1,0,1,Legitimate
1510,1,-1,1,1,1,-1,0,0,1,1,1,1,-1,-1,0,-1,1,1,0,1,1,1,1,1,1,-1,-1,1,0,1,Legitimate
1511,1,1,1,1,1,-1,-1,-1,-1,1,1,-1,1,0,0,-1,1,1,0,1,1,1,1,1,1,0,-1,1,-1,1,Phishing
1512,-1,-1,1,1,1,-1,1,0,-1,1,1,1,-1,-1,1,-1,1,1,1,1,1,1,1,-1,1,1,-1,1,0,-1,Legitimate
1513,1,-1,1,1,1,1,-1,1,1,-1,-1,1,-1,0,1,-1,-1,1,0,-1,1,-1,-1,1,-1,1,-1,1,1,-1,Phishing
1514,1,-1,-1,1,-1,-1,0,-1,-1,1,1,-1,-1,-1,-1,-1,1,-1,0,1,1,1,1,-1,-1,-1,-1,-1,0,1,Legitimate
1515,1,-1,1,1,1,-1,-1,1,1,1,1,1,1,0,0,-1,1,1,0,1,1,1,1,-1,-1,-1,-1,1,1,1,Phishing
1516,-1,-1,1,1,1,-1,0,-1,1,-1,1,1,-1,-1,1,-1,1,1,0,-1,1,-1,1,-1,1,-1,1,1,1,1,Legitimate
1517,-1,1,1,-1,1,-1,1,1,-1,-1,-1,1,1,0,-1,-1,-1,1,0,1,1,-1,1,-1,1,-1,1,1,1,1,Phishing
1518,1,-1,1,1,1,-1,1,1,-1,1,1,-1,-1,1,1,-1,1,1,0,1,1,1,1,1,-1,1,-1,1,0,1,Phishing
1519,1,-1,1,1,1,-1,1,1,1,1,1,1,1,1,0,1,1,1,0,1,1,1,1,-1,1,1,-1,1,0,1,Phishing
1520,1,-1,1,1,1,1,0,1,1,-1,-1,1,-1,1,1,-1,-1,1,0,-1,1,-1,-1,1,-1,1,-1,1,1,-1,Phishing
1521,1,-1,1,1,1,-1,-1,-1,1,-1,-1,1,-1,0,0,-1,-1,1,0,1,1,-1,1,-1,-1,-1,-1,-1,0,-1,Legitimate
1522,-1,-1,1,1,1,-1,1,1,1,1,1,1,-1,0,-1,-1,1,1,0,1,1,1,1,-1,1,1,-1,1,1,1,Phishing
1523,1,-1,1,-1,1,-1,1,1,-1,-1,-1,1,1,1,0,-1,-1,1,0,-1,-1,-1,-1,-1,1,0,-1,1,1,1,Phishing
1524,-1,1,-1,-1,-1,-1,-1,1,-1,1,1,1,-1,-1,1,-1,1,1,1,1,-1,1,-1,1,1,1,-1,-1,-1,1,Legitimate
1525,1,-1,1,1,1,-1,-1,-1,-1,1,1,-1,-1,-1,0,-1,1,1,0,1,1,1,1,-1,1,-1,-1,1,0,1,Legitimate
1526,1,-1,-1,1,1,1,-1,1,1,1,1,1,-1,1,0,-1,-1,-1,0,1,1,1,1,1,-1,0,-1,1,0,-1,Phishing
1527,1,-1,1,1,1,1,1,1,1,1,1,1,-1,1,0,-1,1,1,0,1,1,1,1,1,-1,1,-1,-1,1,1,Phishing
1528,-1,-1,1,1,1,-1,-1,1,-1,1,1,1,1,0,1,1,1,1,0,1,1,1,1,1,1,-1,-1,1,1,1,Phishing
1529,-1,-1,-1,1,-1,-1,0,-1,1,-1,1,-1,-1,-1,1,-1,1,-1,0,-1,1,-1,-1,-1,-1,1,-1,-1,1,-1,Legitimate
1530,1,1,1,1,1,-1,-1,-1,1,1,1,1,1,0,0,1,1,1,0,1,1,1,1,1,-1,1,-1,-1,1,1,Legitimate
1531,1,-1,1,1,1,-1,0,1,-1,1,1,1,1,0,-1,-1,1,1,0,1,1,1,1,1,1,1,-1,1,0,1,Legitimate
1532,-1,1,-1,1,-1,-1,-1,1,-1,1,1,-1,1,1,-1,1,1,1,1,1,1,1,1,1,-1,1,1,1,-1,1,Phishing
1533,-1,-1,-1,1,-1,-1,-1,1,1,1,1,-1,-1,1,1,-1,1,-1,1,1,1,1,1,1,-1,1,-1,1,1,-1,Phishing
1534,1,-1,1,-1,1,-1,1,1,-1,1,1,1,1,1,1,-1,1,1,0,1,1,1,1,1,1,1,-1,1,0,1,Phishing
1535,1,-1,-1,1,1,-1,1,1,-1,1,1,1,1,1,0,-1,1,1,0,1,1,1,1,1,1,1,-1,-1,0,1,Phishing
1536,1,-1,-1,-1,1,-1,1,1,-1,1,1,-1,-1,0,0,-1,1,1,0,1,1,1,1,1,1,-1,-1,1,0,1,Phishing
1537,-1,-1,1,1,1,-1,1,1,-1,1,1,1,1,1,1,1,1,1,1,1,1,1,1,-1,1,1,1,1,1,1,Phishing
1538,1,-1,1,1,1,-1,1,1,1,1,1,1,1,1,1,1,1,1,0,1,1,1,1,1,1,-1,-1,1,0,1,Phishing
1539,-1,-1,1,1,1,-1,1,1,1,-1,1,1,-1,0,0,1,1,1,0,1,1,-1,1,-1,1,0,1,1,1,1,Phishing
1540,-1,-1,-1,1,-1,1,1,-1,-1,1,1,-1,1,1,0,-1,1,-1,1,1,1,1,1,1,-1,1,-1,-1,1,1,Phishing
1541,1,-1,1,1,1,-1,-1,-1,1,1,1,1,-1,-1,0,0,1,1,0,1,1,1,1,1,1,1,-1,1,0,1,Legitimate
1542,-1,-1,1,1,1,-1,-1,-1,-1,1,1,1,1,-1,-1,-1,1,1,1,1,1,1,1,-1,1,-1,1,1,1,1,Legitimate
1543,1,-1,1,-1,1,-1,-1,1,-1,1,1,1,1,1,1,-1,1,1,0,1,1,1,1,-1,-1,1,1,1,0,1,Phishing
1544,1,1,1,1,1,-1,1,1,-1,1,1,1,1,0,0,0,1,1,0,1,1,1,1,1,1,1,-1,1,0,1,Phishing
1545,1,-1,1,1,1,-1,1,1,1,1,1,1,1,1,0,-1,1,1,0,1,1,1,1,1,1,1,-1,1,0,1,Phishing
1546,1,-1,1,1,1,-1,0,-1,1,1,1,1,-1,0,0,-1,1,1,0,1,1,1,1,-1,1,1,-1,1,0,1,Phishing
1547,-1,-1,1,1,1,-1,-1,1,-1,1,1,1,-1,0,1,1,1,1,0,1,1,1,1,-1,1,1,-1,1,1,1,Phishing
1548,1,-1,1,1,1,-1,-1,-1,-1,1,1,1,-1,-1,-1,-1,1,1,0,1,1,1,1,-1,-1,-1,-1,1,0,1,Legitimate
1549,1,1,1,1,1,-1,1,1,-1,1,1,1,1,1,1,-1,1,1,0,1,1,1,1,1,1,-1,1,1,0,-1,Phishing
1550,1,1,1,1,1,-1,1,1,-1,1,1,1,1,0,0,1,1,1,0,1,1,1,1,1,1,-1,1,1,0,1,Phishing
1551,1,-1,1,1,1,-1,-1,1,1,1,1,1,-1,0,1,0,1,1,0,1,1,1,1,-1,1,1,-1,1,0,1,Phishing
1552,1,-1,1,-1,1,-1,1,-1,1,1,1,1,-1,0,-1,-1,1,1,0,1,1,1,1,1,-1,0,-1,1,1,1,Legitimate
1553,1,1,1,1,1,-1,0,0,-1,-1,-1,1,1,-1,0,1,-1,1,0,1,1,-1,1,1,1,0,-1,1,0,-1,Legitimate
1554,1,-1,1,1,1,-1,-1,-1,-1,1,1,1,1,-1,-1,-1,1,1,0,1,1,1,1,-1,-1,0,-1,1,0,1,Legitimate
1555,-1,-1,-1,1,1,-1,1,1,1,1,1,1,-1,-1,-1,-1,-1,1,0,1,1,1,1,1,1,0,-1,-1,1,1,Legitimate
1556,-1,-1,1,1,1,-1,1,0,-1,1,1,1,1,-1,0,0,1,1,1,1,1,1,1,-1,1,-1,-1,1,0,-1,Legitimate
1557,1,-1,1,-1,1,-1,-1,-1,1,-1,-1,1,-1,0,0,0,-1,1,0,1,1,-1,1,1,1,1,-1,-1,0,1,Legitimate
1558,1,1,1,1,1,1,-1,1,-1,1,1,1,1,1,0,1,1,1,0,1,1,1,1,1,-1,1,-1,1,1,1,Phishing
1559,1,-1,1,1,1,-1,1,-1,1,1,1,1,1,0,-1,-1,1,1,0,1,1,1,1,-1,1,1,-1,1,0,1,Phishing
1560,1,-1,1,-1,1,-1,0,-1,1,1,1,1,1,-1,0,-1,1,1,0,1,1,1,1,-1,-1,-1,-1,1,0,1,Legitimate
1561,-1,-1,-1,1,-1,-1,1,-1,-1,1,1,-1,1,0,0,1,1,-1,0,1,1,1,1,-1,-1,1,1,-1,1,1,Phishing
1562,1,-1,1,1,1,-1,-1,-1,-1,1,1,1,1,1,0,-1,1,1,0,1,1,1,1,-1,1,1,-1,1,0,1,Phishing
1563,1,-1,1,1,1,-1,1,1,-1,1,1,1,1,0,-1,-1,1,1,0,1,1,1,1,1,1,1,-1,1,0,1,Phishing
1564,-1,1,1,1,1,-1,-1,0,-1,1,1,1,1,-1,0,-1,1,1,0,1,1,1,1,1,1,0,1,1,1,1,Legitimate
1565,-1,-1,-1,1,-1,1,1,1,-1,1,1,-1,1,0,-1,-1,1,-1,1,1,1,1,1,1,-1,1,-1,1,1,1,Phishing
1566,-1,1,1,-1,1,1,1,1,1,-1,-1,1,-1,0,-1,1,-1,1,0,-1,-1,-1,-1,1,1,1,1,1,1,1,Phishing
1567,1,-1,1,1,1,-1,-1,1,1,1,1,1,1,1,0,-1,1,1,0,1,1,1,1,1,1,1,1,1,0,1,Phishing
1568,-1,-1,-1,-1,1,1,1,1,1,1,1,1,-1,1,0,-1,-1,-1,0,1,1,1,1,-1,1,0,-1,1,0,1,Phishing
1569,1,-1,1,1,-1,-1,0,1,-1,1,1,-1,-1,-1,1,-1,1,1,0,1,1,1,1,1,-1,-1,-1,1,0,1,Legitimate
1570,1,-1,1,1,1,-1,-1,-1,-1,1,1,1,1,-1,-1,-1,1,1,0,1,1,1,1,-1,-1,1,-1,1,0,1,Legitimate
1571,1,-1,1,1,1,-1,0,-1,1,1,1,1,1,0,-1,-1,1,1,0,1,1,1,1,-1,1,1,1,1,0,1,Legitimate
1572,-1,-1,-1,-1,-1,-1,0,-1,-1,1,1,-1,1,0,0,0,1,-1,1,1,1,1,1,-1,-1,1,-1,1,1,1,Phishing
1573,1,1,1,-1,1,-1,0,1,-1,1,1,1,1,0,1,1,1,1,0,1,1,1,1,-1,1,1,1,1,0,1,Phishing
1574,1,-1,1,-1,1,1,1,1,1,-1,-1,1,-1,1,0,-1,-1,1,0,-1,1,-1,-1,1,1,1,-1,1,0,1,Phishing
1575,1,-1,1,1,1,-1,0,-1,1,1,1,1,-1,-1,-1,-1,1,1,0,1,1,1,1,-1,-1,-1,-1,1,0,1,Legitimate
1576,1,-1,1,-1,1,-1,0,-1,1,-1,-1,1,-1,-1,0,1,-1,1,0,-1,1,-1,-1,-1,1,-1,-1,1,0,1,Legitimate
1577,-1,1,-1,1,-1,-1,1,1,-1,1,1,-1,1,0,-1,1,1,-1,1,1,1,1,1,1,-1,0,-1,1,1,-1,Phishing
1578,-1,1,1,1,1,-1,0,-1,1,1,1,1,-1,0,-1,-1,-1,1,0,1,1,1,1,1,1,-1,1,1,1,-1,Legitimate
1579,1,-1,1,1,1,-1,1,1,1,1,1,1,-1,0,0,-1,1,1,0,1,1,1,1,1,1,1,1,-1,0,1,Phishing
1580,-1,1,-1,1,-1,-1,0,1,-1,1,1,-1,1,0,-1,1,1,-1,1,1,1,1,1,-1,1,1,1,-1,1,1,Phishing
1581,1,-1,1,1,1,-1,0,-1,-1,1,1,1,1,0,-1,1,1,1,0,1,1,1,1,1,1,0,-1,1,0,1,Legitimate
1582,-1,1,1,1,-1,-1,1,1,-1,-1,1,-1,1,0,1,-1,1,1,0,-1,1,-1,1,1,1,-1,1,1,0,1,Phishing
1583,1,-1,1,1,1,-1,0,1,-1,1,1,1,1,0,0,-1,1,1,0,1,1,1,1,1,1,1,-1,1,-1,1,Phishing
1584,1,-1,1,1,1,-1,0,1,-1,-1,-1,1,1,0,1,-1,-1,1,0,-1,-1,-1,-1,-1,-1,1,-1,1,1,-1,Phishing
1585,1,-1,1,1,1,-1,-1,-1,1,1,1,1,1,-1,0,-1,1,1,0,1,1,1,1,-1,-1,0,-1,1,0,1,Legitimate
1586,1,-1,1,1,1,-1,0,-1,1,1,1,1,-1,0,1,-1,1,1,0,1,1,1,1,-1,1,1,-1,1,0,1,Phishing
1587,-1,-1,1,1,1,-1,0,1,-1,1,1,1,-1,0,1,1,1,1,0,1,1,1,1,-1,1,1,-1,1,1,1,Phishing
1588,1,-1,1,1,1,-1,-1,1,-1,1,1,1,1,1,-1,-1,1,1,0,1,1,1,1,1,-1,1,-1,1,1,1,Phishing
1589,-1,-1,-1,1,-1,-1,0,-1,-1,-1,-1,-1,-1,-1,1,-1,-1,-1,1,-1,1,-1,-1,-1,-1,-1,-1,1,1,-1,Legitimate
1590,1,-1,1,1,1,-1,-1,-1,-1,1,1,1,1,1,0,-1,1,1,0,1,1,1,1,-1,1,1,1,1,0,1,Phishing
1591,-1,1,-1,1,-1,1,1,1,-1,1,1,-1,1,1,0,-1,1,-1,1,1,1,1,1,1,-1,-1,1,1,1,1,Phishing
1592,1,1,1,1,1,-1,1,-1,-1,1,1,1,1,0,0,-1,1,1,0,1,1,1,1,1,1,1,1,1,0,1,Phishing
1593,-1,-1,-1,1,-1,1,0,1,-1,1,1,-1,1,1,1,-1,1,-1,1,1,1,1,1,1,-1,1,-1,1,1,1,Phishing
1594,1,-1,1,1,1,-1,-1,1,1,1,1,1,-1,0,0,-1,1,1,0,1,1,1,1,-1,-1,1,-1,1,1,1,Phishing
1595,-1,-1,1,1,1,-1,1,1,-1,1,1,1,-1,0,1,1,1,1,0,1,1,1,1,1,1,0,-1,1,1,1,Phishing
1596,-1,-1,1,1,1,-1,-1,1,-1,1,1,1,1,0,0,-1,1,1,1,1,1,1,1,-1,1,0,1,1,1,1,Phishing
1597,1,-1,1,1,1,-1,-1,-1,-1,1,1,1,-1,0,-1,-1,1,1,0,1,1,1,1,-1,-1,-1,-1,1,1,1,Legitimate
1598,1,-1,1,1,1,-1,-1,-1,1,1,1,1,1,0,-1,-1,1,1,0,1,1,1,1,-1,1,0,-1,1,0,-1,Legitimate
1599,1,-1,1,1,1,-1,-1,1,1,1,1,1,-1,0,-1,-1,1,1,0,1,1,1,1,1,-1,1,-1,1,1,1,Phishing
1600,1,-1,1,1,1,-1,0,1,-1,1,1,-1,1,-1,-1,-1,1,1,0,1,1,1,1,1,1,1,-1,1,0,1,Legitimate
1601,-1,1,-1,1,-1,-1,1,0,-1,1,1,-1,1,-1,1,0,1,-1,1,1,1,1,1,1,-1,0,1,1,1,1,Legitimate
1602,1,-1,1,1,1,-1,1,1,-1,1,1,-1,1,0,1,-1,1,1,0,1,1,1,1,1,1,1,-1,1,0,1,Phishing
1603,1,-1,1,1,1,-1,1,1,-1,1,1,1,-1,0,0,1,1,1,0,1,1,1,1,-1,1,0,-1,1,0,1,Phishing
1604,-1,1,1,1,1,1,1,1,-1,1,1,1,1,1,0,-1,1,1,0,1,1,1,1,1,1,1,-1,1,1,1,Phishing
1605,-1,-1,1,1,1,-1,0,-1,1,1,1,1,-1,-1,0,-1,1,1,0,1,1,1,1,-1,1,0,-1,1,0,1,Legitimate
1606,-1,-1,1,1,1,-1,0,1,1,1,1,1,-1,1,0,1,1,1,0,1,1,1,1,-1,1,-1,-1,1,1,1,Phishing
1607,-1,-1,-1,1,-1,-1,1,1,-1,1,1,-1,-1,0,-1,1,1,-1,1,1,1,1,1,1,-1,1,1,-1,1,1,Phishing
1608,1,-1,1,1,1,-1,-1,-1,-1,-1,-1,1,1,-1,0,-1,-1,1,0,-1,1,-1,-1,-1,-1,0,-1,1,1,-1,Legitimate
1609,1,-1,1,1,1,-1,1,1,-1,1,1,1,1,1,-1,1,1,1,1,1,1,1,1,-1,1,1,1,1,1,1,Phishing
1610,1,-1,1,1,1,-1,-1,1,1,1,1,1,-1,0,1,-1,1,1,0,1,1,1,1,-1,1,1,-1,1,0,1,Phishing
1611,1,-1,1,1,1,-1,0,0,-1,-1,-1,1,-1,-1,0,-1,-1,1,0,1,1,-1,1,1,1,0,-1,-1,0,-1,Legitimate
1612,1,1,1,1,1,-1,0,1,-1,-1,-1,1,1,0,0,1,-1,1,0,-1,1,-1,-1,-1,1,1,-1,1,1,-1,Phishing
1613,1,-1,1,1,1,-1,-1,-1,1,-1,-1,1,-1,-1,0,-1,-1,1,0,-1,-1,-1,-1,-1,-1,0,-1,1,1,-1,Legitimate
1614,1,-1,1,1,1,-1,0,0,1,1,1,1,-1,-1,0,-1,1,1,0,1,1,1,1,1,-1,0,-1,1,1,1,Legitimate
1615,-1,-1,1,1,1,-1,0,-1,-1,1,1,-1,1,-1,-1,-1,-1,1,0,1,1,1,1,-1,1,1,1,1,0,1,Legitimate
1616,1,-1,1,1,1,-1,0,0,-1,1,1,1,1,-1,0,-1,1,1,0,1,1,1,1,1,1,-1,-1,1,0,1,Legitimate
1617,1,-1,1,1,1,-1,-1,-1,-1,1,1,1,-1,0,-1,-1,1,1,0,1,1,1,1,-1,1,0,-1,1,0,1,Legitimate
1618,-1,1,1,1,1,-1,0,-1,-1,1,1,1,1,-1,-1,-1,1,1,1,1,1,1,1,1,1,-1,-1,1,1,1,Legitimate
1619,-1,-1,1,1,1,-1,1,-1,-1,1,1,1,1,-1,-1,0,1,1,0,1,1,1,1,-1,1,0,-1,1,1,1,Legitimate
1620,-1,-1,1,-1,1,1,1,1,-1,1,1,1,-1,1,0,-1,1,1,0,1,1,1,1,1,1,1,-1,-1,1,1,Phishing
1621,-1,-1,1,1,1,-1,0,-1,1,1,1,1,-1,-1,1,-1,1,1,0,1,1,1,1,-1,1,-1,-1,1,1,1,Legitimate
1622,1,-1,1,1,1,-1,-1,-1,1,1,1,1,1,-1,0,-1,1,1,0,1,1,1,1,-1,-1,-1,-1,1,0,1,Legitimate
1623,1,-1,1,-1,1,-1,0,1,-1,-1,-1,1,1,1,1,0,1,-1,0,-1,1,-1,1,-1,1,1,1,1,1,1,Phishing
1624,1,-1,1,1,1,-1,0,0,1,-1,-1,1,-1,-1,-1,-1,-1,1,0,-1,1,-1,1,1,-1,1,-1,1,1,-1,Legitimate
1625,-1,-1,-1,1,-1,-1,1,1,1,1,1,-1,1,0,1,-1,1,-1,1,1,1,1,1,1,-1,1,-1,1,1,1,Phishing
1626,-1,-1,1,1,1,-1,0,-1,1,1,1,1,1,0,-1,-1,1,1,0,1,1,1,1,1,1,1,-1,1,1,1,Legitimate
1627,1,-1,1,1,1,-1,-1,-1,1,1,1,-1,-1,0,-1,-1,1,1,0,1,1,1,1,-1,1,0,-1,1,1,1,Phishing
1628,1,1,1,-1,1,-1,-1,-1,-1,1,1,1,1,0,1,1,1,1,0,1,1,1,1,1,1,1,-1,1,0,1,Phishing
1629,1,-1,1,1,1,-1,1,-1,1,1,1,1,-1,0,0,-1,1,1,0,1,1,1,1,1,-1,1,-1,-1,1,1,Legitimate
1630,1,-1,1,1,1,-1,0,-1,1,1,1,1,-1,-1,-1,0,1,1,0,1,1,1,1,-1,1,-1,-1,1,0,1,Legitimate
1631,-1,-1,1,1,1,-1,-1,1,-1,1,1,1,-1,1,0,-1,1,1,0,1,1,1,1,1,1,1,-1,1,1,1,Phishing
1632,1,-1,1,1,1,-1,1,1,-1,1,1,1,-1,1,0,-1,1,1,0,1,1,1,1,1,-1,-1,-1,1,1,1,Phishing
1633,1,-1,1,1,1,-1,1,1,1,1,1,1,-1,0,0,-1,1,1,0,1,1,1,1,1,1,1,1,1,0,1,Phishing
1634,-1,1,-1,1,-1,-1,-1,-1,-1,1,1,-1,1,-1,0,1,1,-1,1,1,1,1,1,-1,-1,1,-1,1,1,1,Legitimate
1635,1,-1,1,1,1,-1,-1,-1,-1,1,1,-1,-1,-1,0,0,1,1,0,1,1,1,1,-1,1,-1,-1,1,0,1,Legitimate
1636,-1,-1,1,1,1,-1,0,-1,1,1,1,1,-1,0,-1,-1,1,1,1,1,1,1,1,-1,1,0,1,1,0,1,Legitimate
1637,1,-1,1,1,1,-1,1,1,-1,1,1,1,1,0,1,1,1,1,0,1,1,1,1,-1,1,-1,1,1,-1,1,Phishing
1638,-1,-1,-1,1,1,-1,1,-1,-1,1,1,1,1,0,-1,0,1,1,0,1,1,1,1,-1,1,-1,1,1,1,1,Legitimate
1639,1,-1,1,1,1,-1,-1,-1,1,-1,-1,1,1,-1,0,-1,-1,1,0,1,1,-1,1,-1,-1,0,-1,1,0,-1,Legitimate
1640,1,-1,1,1,1,-1,-1,-1,-1,1,1,1,-1,-1,0,-1,1,1,0,1,1,1,1,1,1,1,-1,1,0,1,Legitimate
1641,1,-1,-1,1,-1,1,1,1,-1,1,1,-1,1,1,-1,-1,1,-1,1,1,1,1,1,1,-1,-1,-1,1,1,1,Phishing
1642,-1,-1,1,1,1,-1,1,-1,1,1,1,1,-1,-1,0,1,1,1,0,1,1,1,1,-1,1,-1,-1,1,1,1,Legitimate
1643,-1,1,1,1,1,-1,1,0,1,1,1,1,-1,-1,0,-1,1,1,0,1,1,1,1,1,1,0,1,1,0,1,Legitimate
1644,1,-1,1,1,1,-1,0,0,-1,1,1,1,1,-1,1,-1,1,1,0,1,1,1,1,1,1,1,-1,1,0,1,Legitimate
1645,1,-1,1,1,1,1,0,1,1,1,1,1,-1,0,0,1,1,1,0,1,1,1,1,-1,1,-1,1,1,0,1,Phishing
1646,1,1,1,1,1,-1,-1,-1,1,1,1,1,-1,-1,0,1,1,1,0,1,1,1,1,-1,-1,0,-1,1,1,1,Legitimate
1647,1,-1,1,1,1,1,0,1,-1,1,1,1,1,1,1,-1,1,1,0,1,1,1,1,-1,1,1,1,1,0,1,Phishing
1648,-1,-1,-1,1,-1,-1,1,1,1,-1,1,-1,-1,0,1,-1,1,-1,1,1,1,-1,1,1,-1,0,-1,1,1,-1,Phishing
1649,1,1,1,1,1,-1,0,0,-1,-1,-1,1,1,-1,1,1,-1,1,0,-1,1,-1,-1,1,1,-1,-1,1,0,-1,Legitimate
1650,1,-1,1,1,1,-1,0,1,1,1,1,1,-1,0,0,-1,1,1,0,1,1,1,1,-1,-1,0,1,-1,1,1,Phishing
1651,1,-1,1,1,1,-1,0,1,1,1,1,1,-1,0,0,-1,1,1,0,1,1,1,1,-1,1,-1,-1,1,0,1,Phishing
1652,1,-1,1,1,1,-1,0,1,-1,-1,1,1,1,0,-1,-1,1,1,0,1,1,-1,1,-1,-1,1,-1,1,1,1,Phishing
1653,-1,-1,-1,1,1,-1,0,0,-1,1,1,-1,-1,-1,1,-1,-1,-1,0,1,1,1,1,1,-1,-1,-1,1,0,-1,Legitimate
1654,1,-1,1,1,1,-1,-1,-1,-1,1,1,1,1,0,0,-1,-1,1,0,1,1,1,1,-1,-1,1,-1,1,0,1,Legitimate
1655,-1,0,1,1,1,-1,0,-1,1,1,1,-1,-1,0,-1,-1,1,1,0,1,1,1,1,1,1,1,-1,1,0,1,Legitimate
1656,-1,-1,1,1,1,-1,1,-1,-1,1,1,1,1,-1,-1,-1,1,1,0,1,1,1,1,1,1,0,-1,1,0,1,Legitimate
1657,-1,-1,-1,1,-1,1,1,1,-1,1,1,-1,1,1,1,-1,1,-1,1,1,1,1,1,1,-1,1,-1,1,1,1,Phishing
1658,1,-1,1,1,1,-1,-1,1,-1,-1,1,1,1,0,0,-1,1,1,0,1,1,-1,1,1,-1,1,1,1,1,1,Phishing
1659,1,-1,1,1,1,-1,-1,1,-1,1,1,1,1,0,0,-1,1,1,0,1,1,1,1,-1,1,0,-1,1,0,1,Phishing
1660,-1,1,-1,1,-1,-1,-1,-1,1,-1,-1,-1,-1,-1,1,1,-1,-1,1,-1,-1,-1,-1,-1,-1,-1,-1,1,1,-1,Legitimate
1661,1,-1,1,1,1,-1,0,-1,1,1,1,1,1,0,-1,-1,1,1,0,1,1,1,1,-1,1,1,1,1,0,1,Legitimate
1662,1,-1,1,1,1,-1,0,1,-1,1,1,1,1,0,0,-1,1,1,0,1,1,1,1,-1,1,1,1,1,0,1,Phishing
1663,1,-1,1,1,1,-1,1,1,-1,1,1,1,1,0,-1,-1,1,1,0,1,1,1,1,-1,1,0,1,1,0,1,Phishing
1664,1,-1,1,1,1,-1,-1,1,-1,1,1,1,1,0,1,-1,1,1,0,1,1,1,1,-1,1,1,-1,1,0,1,Phishing
1665,1,1,1,1,1,-1,-1,0,-1,1,1,1,1,-1,-1,-1,1,1,0,1,1,1,1,1,1,1,1,1,0,-1,Legitimate
1666,1,-1,1,1,1,-1,-1,1,-1,1,1,1,-1,1,-1,-1,1,1,0,1,1,1,1,1,1,-1,-1,1,0,1,Phishing
1667,1,-1,1,1,1,-1,1,1,-1,-1,-1,1,-1,1,0,-1,-1,1,0,1,1,-1,-1,1,1,1,-1,1,0,1,Phishing
1668,1,-1,1,-1,1,-1,1,1,-1,1,1,1,1,0,-1,-1,1,1,0,1,1,1,1,1,1,-1,-1,1,0,1,Phishing
1669,1,-1,1,1,1,-1,1,1,-1,1,1,1,1,0,1,-1,1,1,0,1,1,1,1,1,-1,1,-1,1,0,1,Phishing
1670,-1,1,-1,1,-1,-1,1,1,-1,1,1,-1,1,0,-1,1,1,-1,1,1,1,1,1,1,-1,1,-1,1,1,-1,Phishing
1671,1,-1,1,1,1,-1,0,-1,-1,1,1,1,-1,0,0,-1,1,1,1,1,1,1,1,-1,1,0,1,1,0,1,Legitimate
1672,1,-1,1,1,1,-1,0,-1,-1,1,1,1,1,-1,0,-1,1,1,0,1,1,1,1,-1,-1,0,-1,1,1,1,Legitimate
1673,-1,-1,1,1,1,-1,1,1,-1,1,1,1,-1,0,-1,1,1,1,0,1,1,1,1,-1,1,0,-1,1,1,1,Phishing
1674,1,1,1,1,1,-1,1,1,-1,-1,-1,1,1,1,-1,1,-1,1,0,1,1,-1,1,1,1,1,-1,1,1,-1,Phishing
1675,1,-1,1,1,1,-1,-1,-1,-1,1,1,1,-1,-1,0,-1,1,1,0,1,1,1,1,-1,1,0,-1,-1,0,1,Legitimate
1676,-1,-1,1,1,1,-1,-1,0,1,1,1,1,-1,0,0,0,1,1,0,1,1,1,1,1,1,0,-1,-1,0,1,Legitimate
1677,-1,-1,-1,1,-1,-1,0,0,1,1,1,-1,-1,-1,-1,-1,1,-1,0,1,1,1,1,-1,-1,-1,-1,-1,0,1,Legitimate
1678,-1,1,-1,1,-1,-1,0,0,-1,1,1,-1,1,-1,1,1,1,-1,1,1,1,1,1,1,-1,1,-1,1,1,-1,Legitimate
1679,1,-1,1,1,1,-1,0,1,-1,1,1,1,-1,1,-1,1,1,1,0,1,1,1,1,1,1,1,-1,-1,0,1,Phishing
1680,1,-1,1,1,1,-1,-1,1,1,1,1,1,1,0,0,-1,1,1,0,1,1,1,1,1,1,-1,1,1,0,1,Phishing
1681,1,-1,1,1,1,-1,1,1,-1,1,1,1,1,0,0,1,1,1,0,1,1,1,1,-1,1,1,1,1,0,1,Phishing
1682,-1,1,1,1,1,-1,1,1,-1,-1,1,1,1,0,0,0,1,1,0,1,1,-1,1,1,1,1,1,1,1,1,Phishing
1683,1,-1,1,1,1,-1,1,-1,-1,1,1,1,1,1,0,-1,1,1,0,1,1,1,1,1,1,0,-1,1,0,1,Phishing
1684,1,-1,1,1,1,-1,0,-1,-1,1,1,1,1,-1,-1,-1,1,1,0,1,1,1,1,-1,1,1,1,1,0,1,Legitimate
1685,-1,-1,1,1,1,-1,-1,0,1,1,1,1,-1,-1,-1,-1,1,1,0,1,1,1,1,1,1,0,-1,1,1,1,Legitimate
1686,1,-1,1,1,1,1,-1,1,-1,1,1,1,1,0,-1,-1,1,1,0,1,1,1,1,-1,-1,1,-1,1,1,1,Phishing
1687,1,1,1,1,1,-1,1,1,-1,-1,-1,1,1,1,-1,1,-1,1,0,1,1,-1,1,1,1,1,-1,1,1,-1,Phishing
1688,1,-1,1,1,-1,-1,-1,1,-1,1,-1,1,1,-1,1,-1,1,1,0,1,-1,1,1,1,1,-1,-1,1,0,1,Legitimate
1689,1,-1,1,1,1,-1,1,1,1,1,1,1,1,0,1,-1,1,1,0,1,1,1,1,1,1,1,1,-1,0,1,Phishing
1690,-1,-1,1,1,1,-1,0,-1,1,1,1,1,1,0,-1,-1,1,1,0,1,1,1,1,-1,1,0,-1,1,1,1,Legitimate
1691,-1,1,1,1,1,-1,-1,-1,-1,1,1,1,1,-1,1,-1,1,1,0,1,1,1,1,1,1,0,1,1,0,-1,Legitimate
1692,1,-1,1,1,1,-1,1,1,-1,-1,-1,1,1,0,0,-1,-1,1,0,1,1,-1,1,-1,1,1,-1,1,0,1,Phishing
1693,1,-1,1,1,1,-1,1,1,1,1,1,1,1,0,0,1,1,1,0,1,1,1,1,1,1,1,-1,1,0,1,Phishing
1694,1,1,1,1,1,-1,-1,-1,-1,1,1,1,1,-1,-1,1,1,1,0,1,1,1,1,-1,-1,-1,-1,1,0,1,Legitimate
1695,1,-1,1,-1,1,-1,0,0,1,-1,-1,1,-1,-1,1,-1,-1,1,1,1,1,-1,1,-1,1,-1,-1,1,0,-1,Legitimate
1696,1,-1,1,1,1,-1,0,1,1,1,1,1,-1,0,1,-1,1,1,0,1,1,1,1,1,-1,1,-1,1,1,1,Phishing
1697,-1,1,-1,1,-1,-1,0,-1,-1,-1,1,-1,1,-1,1,1,1,-1,0,-1,1,-1,1,-1,-1,1,-1,1,1,-1,Legitimate
1698,1,-1,1,-1,1,-1,-1,-1,1,1,1,1,1,-1,0,-1,1,1,0,1,1,1,1,-1,1,-1,-1,1,1,1,Legitimate
1699,1,-1,1,1,1,-1,1,-1,-1,1,1,1,-1,0,-1,-1,1,1,0,1,1,1,1,1,1,-1,-1,-1,0,1,Legitimate
1700,1,-1,1,1,1,-1,1,1,-1,1,1,1,1,1,0,1,1,1,0,1,1,1,1,1,1,1,-1,1,0,1,Phishing
1701,1,-1,1,1,1,-1,1,1,1,1,1,1,-1,0,-1,-1,1,1,0,1,1,1,1,1,1,-1,1,1,0,1,Phishing
1702,-1,-1,1,-1,1,-1,1,1,-1,-1,1,-1,1,0,-1,1,-1,-1,0,-1,1,-1,-1,-1,1,1,-1,1,0,1,Phishing
1703,1,-1,1,1,1,-1,1,1,-1,1,1,1,1,0,0,-1,1,1,0,1,1,1,1,-1,1,0,-1,1,0,1,Phishing
1704,1,-1,1,1,1,-1,0,1,-1,1,1,1,1,1,1,1,1,1,0,1,1,1,1,-1,1,1,1,1,0,1,Phishing
1705,1,-1,1,1,1,-1,-1,1,-1,1,1,1,1,0,0,-1,-1,1,0,1,1,1,1,1,-1,1,-1,1,-1,1,Phishing
1706,1,-1,1,1,1,-1,1,1,-1,-1,-1,1,1,0,-1,-1,-1,1,0,1,1,1,1,1,1,1,-1,1,0,-1,Phishing
1707,-1,-1,1,1,1,-1,-1,-1,1,1,1,1,-1,-1,0,-1,1,1,0,1,1,1,1,-1,1,0,1,1,0,1,Legitimate
1708,-1,-1,-1,-1,-1,-1,0,-1,-1,-1,-1,-1,1,-1,1,-1,-1,-1,0,-1,-1,-1,-1,-1,-1,0,-1,-1,1,1,Legitimate
1709,1,-1,1,1,1,-1,0,1,1,1,1,-1,-1,0,-1,-1,1,-1,0,1,1,1,1,-1,-1,0,-1,1,1,-1,Legitimate
1710,1,-1,1,1,1,-1,1,-1,1,1,1,1,-1,1,-1,-1,1,1,1,1,1,1,1,-1,1,-1,-1,1,0,1,Legitimate
1711,-1,1,-1,1,-1,-1,-1,-1,1,-1,-1,-1,-1,-1,1,1,-1,-1,1,-1,-1,-1,-1,-1,-1,-1,-1,1,1,-1,Legitimate
1712,1,-1,1,1,1,-1,-1,-1,1,1,1,1,-1,1,-1,-1,1,1,0,1,1,1,1,1,1,0,-1,-1,1,1,Legitimate
1713,1,-1,1,-1,1,-1,-1,-1,1,1,1,1,-1,-1,0,-1,1,1,0,1,1,1,1,-1,-1,-1,-1,-1,0,1,Legitimate
1714,1,-1,1,1,1,-1,0,1,-1,1,1,1,1,1,0,-1,1,1,0,1,1,1,1,-1,1,1,-1,1,0,1,Phishing
1715,1,-1,1,1,1,-1,-1,-1,-1,-1,-1,-1,1,0,0,-1,-1,-1,0,-1,1,-1,1,-1,-1,0,-1,1,0,-1,Legitimate
1716,1,-1,1,1,1,1,0,1,-1,-1,-1,1,-1,1,1,-1,-1,1,0,-1,1,-1,-1,-1,-1,1,-1,1,1,-1,Phishing
1717,1,-1,1,1,1,-1,0,-1,-1,1,1,1,-1,-1,0,-1,1,1,0,1,1,-1,1,-1,-1,0,-1,1,1,1,Legitimate
1718,1,-1,1,1,1,-1,-1,0,1,1,1,1,-1,-1,-1,-1,1,1,0,1,1,1,1,1,1,0,-1,-1,0,1,Legitimate
1719,-1,1,-1,1,-1,1,1,1,-1,1,1,-1,1,0,0,-1,1,-1,0,1,1,1,1,1,-1,1,1,-1,1,1,Phishing
1720,1,-1,1,1,1,-1,-1,-1,1,1,1,1,-1,-1,-1,0,1,1,0,1,1,1,1,1,1,0,-1,1,0,1,Legitimate
1721,1,1,-1,-1,-1,-1,1,-1,-1,1,1,-1,1,1,1,-1,1,-1,1,-1,1,-1,1,1,-1,1,1,1,0,1,Legitimate
1722,-1,1,-1,1,-1,-1,0,-1,-1,-1,1,-1,1,-1,1,1,1,-1,0,-1,1,-1,1,-1,-1,1,-1,1,1,-1,Legitimate
1723,-1,-1,-1,-1,-1,-1,0,0,-1,-1,1,-1,1,-1,1,-1,1,-1,1,1,1,-1,1,1,-1,1,-1,1,1,1,Legitimate
1724,1,-1,1,1,1,-1,1,1,-1,1,1,1,1,0,-1,1,1,1,0,1,1,1,1,1,1,1,-1,-1,0,1,Phishing
1725,1,1,1,1,1,-1,1,-1,-1,1,1,1,1,1,1,1,1,1,0,1,1,1,1,1,-1,1,-1,1,1,1,Phishing
1726,-1,-1,1,1,1,-1,0,0,1,-1,-1,1,1,-1,1,-1,-1,1,0,1,1,-1,1,-1,1,1,-1,1,1,1,Legitimate
1727,1,-1,1,1,1,1,-1,1,-1,1,1,1,1,1,0,-1,1,1,0,1,1,1,1,-1,1,1,-1,1,0,1,Phishing
1728,1,1,1,1,1,-1,0,-1,-1,1,1,1,1,-1,0,1,1,1,0,1,1,1,1,-1,-1,0,-1,1,1,1,Legitimate
1729,1,-1,1,-1,1,1,1,1,-1,-1,-1,1,1,0,1,-1,-1,1,0,1,1,-1,-1,1,1,-1,-1,1,1,1,Phishing
1730,1,1,1,1,1,-1,-1,0,-1,1,1,1,1,-1,0,-1,1,1,0,1,1,1,1,1,1,0,1,1,0,1,Legitimate
1731,1,-1,1,-1,1,-1,1,0,1,1,1,1,-1,-1,-1,-1,1,1,1,1,1,1,1,-1,1,1,-1,1,0,1,Legitimate
1732,1,-1,1,1,1,-1,0,0,1,1,1,1,-1,-1,0,-1,1,1,0,1,1,1,1,-1,1,-1,-1,1,1,-1,Legitimate
1733,1,-1,1,1,1,-1,-1,0,-1,1,1,1,1,-1,-1,-1,1,1,0,1,1,1,1,1,1,0,-1,1,0,1,Legitimate
1734,-1,-1,-1,1,-1,-1,-1,1,-1,1,1,-1,1,0,-1,-1,1,-1,1,1,1,1,1,1,-1,1,-1,1,1,1,Phishing
1735,1,-1,1,1,1,-1,-1,1,1,1,1,1,-1,1,1,1,1,1,0,1,1,1,1,-1,1,1,-1,1,0,1,Phishing
1736,1,-1,1,1,1,-1,1,1,-1,1,1,1,1,1,0,-1,1,1,0,1,1,1,1,-1,1,1,1,1,0,1,Phishing
1737,1,-1,1,1,1,-1,1,1,-1,1,1,1,1,1,0,-1,1,1,0,1,1,1,1,-1,1,0,1,1,0,1,Phishing
1738,1,-1,1,1,1,-1,1,1,-1,1,1,1,1,1,1,0,1,1,0,1,1,1,1,1,1,1,-1,1,0,1,Phishing
1739,1,-1,1,1,1,-1,1,1,1,1,1,1,-1,0,0,0,1,1,0,1,1,1,1,-1,1,-1,-1,-1,0,1,Phishing
1740,1,-1,1,-1,1,-1,0,0,-1,1,1,1,1,-1,-1,-1,1,1,0,1,1,1,1,1,-1,0,-1,1,0,1,Legitimate
1741,1,-1,1,1,1,1,1,1,-1,1,1,1,1,1,-1,1,1,1,0,1,1,1,1,-1,1,0,1,1,0,1,Phishing
1742,1,-1,1,1,1,-1,1,1,-1,1,1,-1,1,0,-1,-1,1,1,0,1,1,1,1,1,1,0,-1,1,0,1,Legitimate
1743,1,-1,1,-1,1,-1,-1,-1,1,1,1,1,1,-1,0,-1,1,1,0,1,1,1,1,-1,1,-1,-1,1,1,1,Legitimate
1744,1,-1,1,1,1,-1,1,1,-1,1,1,1,-1,0,-1,0,1,1,0,1,1,1,1,1,-1,-1,-1,1,0,1,Phishing
1745,-1,-1,1,1,1,1,1,1,1,1,1,1,-1,1,0,-1,-1,1,0,1,1,1,1,-1,1,-1,-1,1,1,1,Phishing
1746,1,-1,1,1,1,-1,1,1,-1,1,1,1,1,0,1,1,1,1,0,1,1,1,1,1,1,1,-1,1,0,-1,Phishing
1747,-1,1,1,-1,1,-1,0,-1,1,1,1,1,1,-1,-1,-1,1,1,0,1,1,1,1,1,1,1,1,1,0,1,Legitimate
1748,-1,-1,1,-1,1,-1,-1,1,-1,-1,-1,1,1,0,1,0,-1,1,0,-1,-1,-1,-1,-1,1,1,-1,1,1,1,Phishing
1749,1,-1,1,1,1,-1,1,-1,1,1,1,1,-1,-1,1,-1,1,1,0,1,1,1,1,1,-1,-1,-1,1,1,1,Legitimate
1750,1,-1,1,1,1,-1,-1,-1,-1,1,1,1,1,1,-1,-1,1,1,0,1,1,1,1,-1,1,-1,-1,-1,0,1,Legitimate
1751,-1,-1,-1,1,-1,-1,-1,1,-1,1,1,-1,1,1,1,-1,1,-1,1,1,1,1,1,1,-1,1,-1,1,1,1,Phishing
1752,1,-1,1,1,1,-1,-1,-1,-1,1,1,1,-1,0,0,-1,1,1,0,1,1,1,1,-1,1,0,-1,-1,0,1,Legitimate
1753,-1,-1,-1,1,-1,1,1,1,-1,1,1,-1,1,1,0,-1,1,-1,1,1,1,1,1,1,-1,0,-1,1,1,1,Phishing
1754,1,-1,1,1,1,-1,-1,-1,1,1,1,1,-1,-1,-1,-1,1,1,0,1,1,1,1,1,-1,-1,-1,1,0,1,Legitimate
1755,-1,-1,1,1,1,-1,-1,1,1,1,1,1,-1,1,-1,-1,1,1,0,1,1,1,1,1,1,1,-1,1,1,1,Legitimate
1756,1,-1,1,-1,1,-1,1,-1,-1,-1,-1,1,1,0,1,-1,-1,1,0,-1,1,-1,-1,-1,1,0,-1,1,1,1,Phishing
1757,1,1,1,1,1,-1,1,-1,-1,1,1,1,1,0,1,-1,1,1,0,1,1,1,1,1,1,0,1,1,0,1,Phishing
1758,1,-1,1,1,1,1,1,1,-1,1,1,1,1,0,1,-1,1,1,0,1,1,1,1,-1,1,1,1,1,0,1,Phishing
1759,1,-1,1,1,1,-1,0,0,1,-1,1,-1,-1,-1,0,-1,1,1,0,-1,1,-1,1,1,1,-1,-1,1,1,1,Legitimate
1760,-1,-1,1,1,1,-1,-1,-1,1,1,1,1,-1,0,-1,1,1,1,0,1,1,1,1,1,1,1,-1,-1,1,1,Legitimate
1761,1,-1,1,1,1,-1,1,1,-1,-1,-1,1,1,1,-1,-1,-1,1,0,-1,1,-1,1,1,-1,1,1,-1,0,1,Phishing
1762,1,1,1,-1,1,1,1,1,-1,-1,-1,1,1,1,-1,-1,-1,1,0,1,1,-1,-1,1,1,-1,1,1,0,1,Phishing
1763,1,1,1,1,1,-1,-1,-1,-1,1,1,1,1,-1,-1,1,1,1,0,1,1,1,1,-1,-1,0,-1,1,0,1,Legitimate
1764,-1,1,-1,1,-1,-1,-1,1,-1,1,1,-1,1,1,-1,1,1,-1,1,1,1,1,1,1,-1,1,-1,1,1,1,Phishing
1765,-1,-1,1,1,1,-1,1,-1,-1,1,1,-1,-1,1,0,0,1,1,0,1,1,1,1,-1,1,1,-1,1,0,1,Phishing
1766,-1,-1,1,1,1,-1,0,-1,1,1,1,1,-1,-1,-1,-1,1,1,1,1,1,1,1,-1,1,-1,-1,1,1,1,Legitimate
1767,1,-1,1,1,1,-1,-1,1,-1,-1,1,1,-1,0,-1,-1,1,1,0,-1,1,-1,-1,-1,1,1,-1,1,-1,1,Legitimate
1768,1,-1,1,-1,1,-1,1,0,-1,-1,-1,1,1,-1,-1,-1,-1,1,0,-1,-1,-1,-1,1,1,1,-1,1,1,1,Legitimate
1769,-1,-1,-1,1,-1,1,-1,1,-1,1,1,-1,1,0,0,-1,1,-1,1,1,1,1,1,1,-1,1,-1,1,1,1,Phishing
1770,1,-1,1,-1,1,-1,0,0,-1,1,1,1,-1,-1,1,-1,1,1,0,1,1,1,1,1,1,1,-1,1,0,1,Legitimate
1771,-1,-1,-1,1,-1,-1,-1,0,1,1,1,-1,-1,-1,1,-1,1,1,1,-1,1,-1,1,1,-1,1,-1,1,0,1,Legitimate
1772,1,-1,-1,1,-1,-1,-1,0,1,1,1,-1,-1,-1,1,-1,1,-1,1,1,1,1,1,1,-1,0,-1,1,0,1,Legitimate
1773,1,-1,1,1,1,-1,1,0,-1,1,1,1,-1,-1,0,-1,1,1,0,1,1,1,1,-1,1,0,-1,1,0,1,Legitimate
1774,1,-1,1,1,1,-1,-1,1,-1,1,1,1,-1,0,-1,-1,1,1,0,1,1,1,1,-1,-1,0,-1,1,0,1,Legitimate
1775,1,-1,1,1,1,-1,-1,1,-1,-1,1,1,1,0,0,-1,1,1,0,1,1,-1,1,-1,1,0,-1,-1,0,1,Legitimate
1776,1,-1,1,1,1,-1,0,-1,1,1,1,-1,-1,-1,-1,-1,-1,-1,0,1,1,1,1,1,1,0,-1,1,-1,-1,Legitimate
1777,-1,-1,1,1,1,-1,1,1,-1,1,1,1,-1,1,0,-1,1,1,0,1,1,1,1,-1,1,-1,1,1,1,1,Phishing
1778,-1,-1,-1,1,-1,-1,1,1,-1,1,1,-1,1,0,1,-1,1,-1,0,1,1,1,1,-1,-1,1,-1,-1,1,1,Phishing
1779,-1,1,1,1,1,1,-1,1,-1,1,1,1,1,1,0,-1,1,1,0,1,1,1,1,1,1,1,1,1,1,1,Phishing
1780,1,-1,1,1,1,-1,0,0,1,1,1,1,-1,-1,0,-1,1,1,0,1,1,1,1,1,1,-1,-1,1,0,1,Legitimate
1781,1,-1,1,1,1,-1,1,-1,1,1,1,1,-1,0,0,-1,1,1,0,1,1,1,1,-1,-1,1,-1,1,0,1,Legitimate
1782,-1,-1,-1,-1,-1,-1,1,1,-1,1,1,-1,1,1,0,-1,-1,-1,1,1,1,1,1,-1,-1,-1,-1,1,-1,1,Phishing
1783,1,-1,1,1,1,-1,1,-1,1,1,1,1,1,0,-1,-1,1,1,0,1,1,1,1,-1,-1,0,-1,1,1,1,Legitimate
1784,1,1,1,1,1,-1,0,0,-1,1,1,1,1,-1,0,1,1,1,0,1,1,1,1,1,-1,-1,-1,1,1,-1,Legitimate
1785,1,-1,1,1,-1,-1,1,-1,-1,1,1,1,1,0,0,-1,-1,1,1,1,1,1,1,-1,1,0,-1,-1,0,1,Legitimate
1786,1,-1,1,1,1,-1,1,1,1,1,1,1,-1,0,0,-1,1,1,0,1,1,1,1,1,-1,1,1,-1,0,1,Phishing
1787,-1,1,1,1,1,-1,1,0,1,1,1,1,-1,-1,0,-1,1,1,0,1,1,1,1,1,1,0,-1,1,0,1,Legitimate
1788,-1,-1,-1,1,-1,-1,1,1,-1,1,1,-1,1,0,-1,0,1,-1,0,1,1,1,1,-1,-1,1,-1,-1,1,1,Phishing
1789,-1,-1,-1,1,-1,1,1,1,-1,1,1,-1,1,0,0,-1,1,-1,1,1,1,1,1,1,-1,-1,-1,1,1,1,Phishing
1790,-1,-1,1,1,1,-1,-1,1,1,1,1,1,1,0,0,-1,1,1,0,1,1,1,1,-1,1,-1,-1,1,1,1,Phishing
1791,1,-1,1,1,1,-1,0,-1,1,1,1,1,-1,0,-1,-1,1,1,0,1,1,1,1,-1,1,0,-1,-1,0,1,Legitimate
1792,-1,-1,1,1,1,-1,0,-1,1,1,1,1,1,0,0,-1,1,1,0,1,1,1,1,-1,1,1,1,1,1,1,Legitimate
1793,1,-1,1,1,1,-1,0,-1,1,1,1,1,-1,-1,-1,-1,1,1,1,1,1,1,1,-1,1,-1,1,1,0,1,Legitimate
1794,-1,-1,1,1,1,-1,1,1,1,-1,1,1,-1,1,0,1,1,1,0,1,1,-1,-1,-1,1,1,-1,-1,1,1,Phishing
1795,1,-1,1,1,1,-1,-1,1,-1,-1,1,1,1,0,1,-1,1,1,0,1,1,-1,1,1,1,0,-1,1,0,1,Phishing
1796,1,-1,1,1,1,-1,1,0,-1,1,1,1,1,0,-1,-1,1,1,0,1,1,1,1,-1,1,0,1,1,0,1,Legitimate
1797,-1,-1,-1,1,1,-1,-1,0,1,1,1,1,-1,-1,0,-1,1,1,0,1,1,1,1,1,1,0,-1,1,0,-1,Legitimate
1798,-1,-1,1,1,1,-1,1,1,-1,-1,1,-1,1,1,-1,-1,1,1,0,-1,1,-1,1,1,1,-1,-1,1,-1,1,Phishing
1799,1,-1,1,1,1,1,1,1,-1,1,1,1,1,0,0,1,1,1,0,1,1,1,1,1,1,-1,-1,1,1,1,Phishing
1800,-1,-1,1,1,1,-1,0,0,1,1,1,1,-1,0,-1,-1,1,1,0,1,1,1,1,-1,1,0,1,1,0,-1,Legitimate
1801,1,-1,1,1,1,-1,-1,1,-1,-1,1,1,1,0,0,-1,1,1,0,1,1,-1,1,-1,-1,0,-1,1,0,1,Legitimate
1802,1,1,1,-1,1,1,1,1,-1,-1,-1,1,1,1,-1,-1,-1,1,0,1,1,-1,-1,1,1,1,-1,1,0,1,Phishing
1803,1,-1,1,1,1,-1,-1,0,-1,1,1,1,1,-1,-1,-1,1,1,0,1,1,1,1,1,1,0,-1,1,0,1,Legitimate
1804,1,-1,1,1,1,-1,0,-1,1,1,1,1,-1,-1,0,-1,1,1,0,1,1,1,1,-1,1,0,-1,1,1,1,Legitimate
1805,1,-1,1,1,1,-1,1,-1,1,1,1,1,-1,0,0,-1,1,1,0,1,1,1,1,-1,-1,1,-1,1,0,1,Legitimate
1806,1,-1,-1,-1,1,-1,-1,1,-1,-1,-1,1,1,1,0,-1,-1,1,0,-1,-1,-1,-1,-1,1,1,-1,1,0,1,Phishing
1807,1,-1,1,-1,1,-1,1,1,1,1,1,1,-1,1,0,-1,-1,-1,0,1,1,1,1,-1,1,0,-1,1,0,1,Phishing
1808,1,-1,1,-1,1,-1,1,1,-1,1,1,1,1,0,1,-1,-1,-1,0,1,1,1,1,1,1,1,-1,-1,-1,1,Phishing
1809,-1,-1,1,1,1,-1,0,-1,1,1,1,1,-1,-1,0,0,1,1,0,1,1,1,1,-1,1,-1,1,1,1,1,Legitimate
1810,1,1,1,1,1,-1,1,1,-1,1,1,1,-1,0,1,1,1,1,0,1,1,1,1,1,1,1,1,1,0,-1,Phishing
1811,1,-1,1,1,1,1,-1,1,-1,-1,-1,1,-1,1,0,-1,-1,1,0,1,1,-1,-1,-1,1,-1,-1,1,0,1,Phishing
1812,1,-1,1,1,1,-1,-1,1,-1,1,1,1,-1,0,-1,-1,1,1,0,1,1,1,1,-1,-1,1,-1,1,0,1,Legitimate
1813,1,-1,1,1,1,1,1,1,-1,1,1,1,1,0,0,-1,1,1,0,1,1,1,1,1,1,1,-1,1,0,1,Phishing
1814,1,-1,1,1,1,-1,0,0,-1,1,1,1,-1,-1,-1,-1,1,1,0,1,1,1,1,1,-1,-1,-1,1,1,1,Legitimate
1815,-1,-1,1,-1,1,-1,1,1,1,-1,-1,1,-1,0,0,1,-1,1,0,1,1,-1,1,1,1,-1,-1,1,1,1,Phishing
1816,1,-1,1,1,1,-1,1,1,-1,1,1,1,1,0,-1,0,1,1,0,1,1,1,1,-1,1,1,1,1,0,1,Phishing
1817,-1,1,1,1,1,-1,1,1,-1,1,1,1,1,0,0,1,1,1,0,1,1,1,1,1,1,1,-1,1,0,1,Phishing
1818,1,-1,1,1,1,-1,-1,1,-1,1,1,1,-1,1,1,-1,1,1,0,1,1,1,1,1,1,1,-1,1,0,1,Phishing
1819,-1,-1,1,1,1,-1,0,1,-1,1,1,1,1,0,-1,-1,1,1,1,1,1,1,1,-1,1,0,-1,1,1,1,Phishing
1820,1,-1,1,1,1,-1,1,1,-1,1,1,1,1,1,-1,-1,1,1,0,1,1,1,1,1,1,0,1,1,0,1,Phishing
1821,1,-1,1,-1,1,-1,-1,1,-1,1,1,1,1,1,1,-1,1,1,0,1,1,1,1,1,1,1,1,1,0,1,Phishing
1822,1,-1,1,1,1,-1,0,-1,1,1,1,1,-1,-1,0,-1,1,1,0,1,1,1,1,-1,1,-1,-1,1,0,1,Legitimate
1823,1,-1,1,1,1,-1,-1,1,-1,1,1,1,-1,0,0,-1,1,1,0,1,1,1,1,-1,1,0,-1,1,0,1,Legitimate
1824,-1,-1,1,1,1,-1,1,-1,-1,1,1,1,-1,0,-1,-1,1,1,0,1,1,1,1,1,1,1,-1,1,1,1,Legitimate
1825,-1,1,1,1,1,-1,-1,-1,-1,1,1,1,1,-1,-1,-1,1,1,0,1,1,1,1,1,1,-1,1,-1,1,1,Legitimate
1826,1,-1,1,1,1,-1,-1,-1,-1,1,1,1,-1,-1,0,-1,1,1,0,1,1,1,1,-1,-1,0,-1,1,0,1,Legitimate
1827,-1,1,-1,1,-1,-1,0,1,-1,1,1,-1,1,0,0,1,1,-1,1,1,1,1,1,1,-1,1,-1,1,1,-1,Phishing
1828,-1,-1,1,1,1,-1,1,1,-1,1,1,1,1,1,0,-1,1,1,0,1,1,1,1,-1,1,-1,-1,1,1,1,Phishing
1829,1,-1,1,1,1,-1,1,1,1,1,1,1,-1,0,0,-1,1,1,0,1,1,1,1,1,1,1,-1,1,0,1,Phishing
1830,1,-1,1,1,1,-1,1,-1,-1,-1,-1,1,1,0,-1,0,-1,1,0,1,1,-1,1,1,1,-1,-1,1,0,1,Phishing
1831,-1,-1,1,-1,1,-1,1,1,1,-1,-1,1,-1,1,1,1,-1,1,1,1,1,-1,1,-1,1,1,-1,1,1,1,Phishing
1832,-1,-1,1,1,1,-1,1,1,-1,1,1,1,1,0,1,-1,1,1,0,1,1,1,1,-1,1,0,-1,1,0,1,Phishing
1833,1,1,1,1,1,-1,1,1,-1,1,1,1,1,0,1,1,1,1,0,1,1,1,1,1,1,1,-1,1,0,1,Phishing
1834,-1,-1,-1,-1,-1,-1,-1,-1,-1,-1,-1,-1,1,-1,-1,-1,-1,-1,1,-1,-1,-1,-1,1,-1,0,-1,-1,1,1,Legitimate
1835,1,-1,1,1,-1,1,0,1,1,-1,-1,-1,-1,0,1,-1,-1,-1,1,-1,1,-1,1,-1,1,1,1,1,0,-1,Phishing
1836,1,1,1,1,1,-1,0,0,-1,1,1,1,1,1,0,1,1,1,0,1,1,1,1,1,1,-1,-1,-1,0,1,Legitimate
1837,1,-1,1,1,1,1,-1,1,1,-1,-1,1,-1,1,-1,-1,-1,1,0,1,1,-1,1,1,-1,1,-1,1,1,1,Phishing
1838,-1,1,-1,-1,-1,-1,0,1,-1,1,1,-1,1,0,0,-1,1,-1,0,1,1,1,1,1,-1,1,-1,-1,1,1,Phishing
1839,-1,-1,1,1,1,-1,1,-1,-1,-1,1,1,-1,0,-1,-1,1,1,0,-1,1,-1,-1,1,1,1,-1,1,-1,1,Legitimate
1840,-1,-1,1,-1,1,-1,-1,-1,1,1,1,-1,-1,-1,0,-1,1,-1,0,1,1,1,1,1,1,0,-1,1,1,1,Legitimate
1841,1,-1,1,1,1,-1,-1,1,-1,1,1,1,1,0,-1,-1,1,1,0,1,1,1,1,-1,1,0,-1,1,0,1,Legitimate
1842,-1,1,-1,1,-1,-1,1,1,-1,1,1,-1,1,0,-1,1,1,-1,1,1,1,1,1,1,-1,0,-1,1,1,-1,Phishing
1843,1,-1,1,1,1,-1,1,1,-1,1,1,1,1,0,0,1,1,1,0,1,1,1,1,1,1,-1,-1,1,0,1,Phishing
1844,1,-1,1,-1,1,-1,0,0,1,-1,-1,1,1,-1,-1,-1,-1,1,1,-1,1,-1,-1,-1,1,0,1,1,0,1,Legitimate
1845,-1,-1,1,1,1,-1,-1,-1,-1,1,1,1,-1,-1,-1,-1,1,1,1,1,1,1,1,-1,1,-1,1,1,0,1,Legitimate
1846,1,1,1,-1,1,1,-1,1,-1,1,1,1,1,0,0,-1,-1,-1,0,1,1,1,1,1,1,0,1,1,0,1,Phishing
1847,1,-1,1,1,1,-1,-1,-1,1,1,1,1,-1,0,0,-1,1,1,0,1,1,1,1,1,-1,1,-1,1,1,1,Legitimate
1848,1,-1,1,1,1,1,0,1,1,1,1,1,-1,0,-1,-1,1,1,0,1,1,1,1,1,1,1,1,1,1,1,Phishing
1849,1,-1,1,1,1,-1,1,1,-1,1,1,1,-1,1,0,-1,1,1,0,1,1,1,1,1,1,1,-1,1,0,1,Phishing
1850,1,-1,1,1,1,-1,0,-1,1,1,1,1,-1,-1,0,0,1,1,0,1,1,1,1,1,1,1,-1,1,0,1,Legitimate
1851,-1,1,1,1,1,-1,1,0,-1,1,1,1,1,-1,0,-1,1,1,1,1,1,1,1,1,1,1,-1,1,1,-1,Legitimate
1852,1,1,1,1,1,-1,0,-1,-1,-1,-1,1,1,1,-1,1,-1,1,0,-1,1,-1,-1,-1,-1,1,-1,1,1,-1,Phishing
1853,-1,-1,1,1,1,-1,0,1,1,1,1,1,-1,-1,1,-1,1,1,0,1,1,1,1,1,1,1,-1,1,0,1,Legitimate
1854,1,1,1,-1,1,-1,1,1,1,1,1,1,-1,1,1,-1,1,1,0,1,1,1,1,1,1,1,-1,1,0,1,Phishing
1855,-1,-1,1,1,1,1,-1,1,1,1,1,1,-1,1,0,-1,-1,1,0,1,1,1,1,1,1,-1,-1,1,1,1,Phishing
1856,-1,-1,-1,1,-1,1,0,1,-1,1,1,-1,1,1,1,-1,1,-1,0,1,1,1,1,-1,-1,1,-1,-1,1,1,Phishing
1857,1,1,1,1,1,-1,1,1,-1,1,1,1,1,1,-1,1,1,1,0,1,1,1,1,1,1,1,1,-1,0,1,Phishing
1858,-1,-1,1,1,1,-1,1,1,-1,1,1,1,1,1,1,1,1,1,0,1,1,1,1,1,1,1,-1,-1,1,1,Phishing
1859,1,1,1,1,1,-1,0,1,-1,1,1,1,1,-1,-1,-1,1,1,0,1,1,1,1,1,1,0,1,1,0,1,Legitimate
1860,1,-1,1,1,1,-1,0,1,-1,1,1,1,1,0,0,-1,1,1,0,1,1,1,1,-1,1,1,1,1,0,1,Phishing
1861,-1,1,-1,1,-1,1,0,1,-1,-1,1,-1,1,1,1,1,-1,-1,1,1,1,-1,1,-1,-1,0,-1,1,1,-1,Phishing
1862,1,1,1,1,1,-1,0,1,-1,1,1,1,1,0,-1,1,1,1,0,1,1,1,1,-1,1,1,-1,1,0,1,Phishing
1863,-1,-1,1,-1,1,-1,1,1,-1,1,1,1,1,1,0,0,1,1,0,1,1,1,1,-1,1,1,-1,1,1,1,Phishing
1864,-1,-1,1,-1,1,-1,0,1,-1,-1,-1,1,-1,0,-1,-1,-1,1,0,1,1,1,1,1,1,1,-1,1,1,1,Legitimate
1865,-1,-1,1,1,1,-1,1,1,1,1,1,1,-1,0,1,0,1,1,0,1,1,1,1,-1,1,1,1,1,1,1,Phishing
1866,-1,-1,1,1,1,-1,-1,-1,-1,1,1,1,-1,1,1,-1,1,1,0,1,1,1,1,-1,1,-1,-1,1,1,1,Phishing
1867,1,-1,1,1,1,-1,1,1,1,1,1,1,-1,0,0,1,1,1,0,1,1,1,1,-1,1,1,1,1,0,1,Phishing
1868,1,-1,1,1,1,-1,0,1,-1,-1,1,1,1,0,0,-1,1,1,0,1,1,-1,1,1,1,-1,-1,1,0,1,Phishing
1869,1,-1,1,1,1,1,-1,1,-1,-1,1,-1,1,1,1,-1,1,-1,0,-1,1,-1,1,1,-1,1,-1,1,-1,-1,Phishing
1870,1,-1,1,1,1,-1,1,1,-1,1,1,1,1,0,0,-1,1,1,0,1,1,1,1,-1,1,0,1,1,0,1,Phishing
1871,1,1,1,1,1,-1,1,1,-1,1,1,1,1,0,0,1,1,1,0,1,1,1,1,1,1,1,-1,1,0,1,Phishing
1872,-1,1,1,1,1,-1,-1,-1,-1,1,1,1,1,-1,-1,-1,1,1,0,1,1,1,1,-1,1,1,1,1,1,1,Legitimate
1873,1,-1,1,1,1,-1,-1,-1,-1,1,1,1,1,0,0,-1,1,1,0,1,1,1,1,-1,1,1,-1,-1,0,1,Legitimate
1874,1,-1,1,1,1,1,1,1,-1,1,1,1,1,0,0,-1,1,1,0,1,1,1,1,-1,1,1,-1,1,0,1,Phishing
1875,1,-1,1,1,1,-1,1,1,1,1,1,1,-1,1,0,-1,1,1,0,1,1,1,1,1,1,1,1,1,0,1,Phishing
1876,1,-1,1,1,1,-1,-1,-1,-1,1,1,1,1,0,0,-1,1,1,0,1,1,1,1,1,1,0,-1,1,0,1,Legitimate
1877,1,-1,1,1,1,-1,1,1,-1,1,1,1,-1,0,1,1,1,1,0,1,1,1,1,-1,1,1,-1,1,0,1,Phishing
1878,1,-1,1,1,1,-1,-1,1,-1,1,1,1,1,1,-1,-1,1,1,0,1,1,1,1,1,-1,1,-1,1,1,1,Phishing
1879,-1,-1,-1,-1,-1,-1,1,1,-1,1,1,-1,1,0,-1,0,1,-1,1,1,1,1,1,1,-1,-1,-1,1,1,1,Phishing
1880,-1,1,1,-1,1,-1,0,0,-1,-1,-1,1,-1,-1,0,-1,-1,1,0,1,1,-1,1,1,1,-1,-1,1,0,1,Legitimate
1881,1,-1,1,1,1,-1,-1,-1,1,1,1,1,-1,0,-1,-1,1,1,0,1,1,1,1,-1,1,1,-1,1,0,1,Legitimate
1882,1,-1,1,1,1,-1,1,1,-1,1,1,1,1,0,0,-1,1,1,0,1,1,1,1,-1,1,0,-1,1,0,1,Phishing
1883,1,1,1,1,1,-1,-1,-1,-1,1,1,1,1,-1,-1,1,1,1,0,1,1,1,1,-1,1,0,-1,1,0,1,Legitimate
1884,-1,-1,1,-1,1,-1,1,0,1,-1,-1,1,-1,-1,-1,-1,-1,1,1,-1,-1,-1,-1,-1,1,1,-1,1,1,1,Legitimate
1885,1,-1,1,-1,1,-1,0,-1,-1,-1,-1,1,1,-1,0,-1,-1,1,0,-1,-1,-1,-1,-1,1,-1,1,1,0,1,Legitimate
1886,1,-1,1,1,1,-1,-1,-1,1,1,1,1,-1,-1,0,-1,1,1,0,1,1,1,1,-1,-1,1,-1,-1,0,1,Legitimate
1887,-1,-1,-1,-1,-1,-1,0,-1,1,-1,1,-1,-1,-1,1,-1,1,-1,1,-1,1,-1,-1,-1,-1,-1,-1,1,1,1,Legitimate
1888,1,1,1,1,1,-1,-1,1,-1,1,1,1,1,-1,-1,1,1,1,0,1,1,1,1,-1,1,0,-1,1,0,1,Legitimate
1889,1,-1,1,1,1,-1,1,1,-1,1,1,1,-1,0,0,1,1,1,0,1,1,1,1,1,1,1,-1,1,0,1,Phishing
1890,-1,-1,-1,-1,-1,-1,0,-1,-1,1,1,-1,1,-1,-1,0,1,-1,0,1,1,-1,1,-1,-1,-1,-1,-1,1,1,Legitimate
1891,-1,-1,-1,-1,-1,-1,-1,0,1,-1,-1,-1,-1,-1,-1,-1,-1,-1,1,1,1,-1,1,1,-1,0,-1,1,1,1,Legitimate
1892,1,-1,1,1,1,-1,0,-1,1,1,1,1,-1,0,-1,-1,1,1,0,1,1,1,1,-1,1,0,1,1,0,1,Legitimate
1893,1,-1,1,1,1,-1,-1,1,1,1,1,1,1,0,1,-1,1,1,0,1,1,1,1,-1,-1,-1,-1,1,1,1,Phishing
1894,1,1,1,1,1,-1,0,1,1,1,1,1,-1,0,0,-1,-1,-1,0,1,1,1,1,-1,1,1,1,1,-1,-1,Phishing
1895,-1,-1,1,1,1,-1,0,1,-1,1,1,1,-1,1,-1,1,1,1,0,1,1,1,1,-1,1,1,-1,-1,1,1,Phishing
1896,1,-1,1,-1,-1,-1,1,1,1,1,1,1,-1,1,1,1,1,1,0,1,1,1,1,1,1,1,-1,-1,0,1,Phishing
1897,-1,-1,1,1,1,-1,1,1,-1,1,1,1,1,0,-1,1,1,1,0,1,1,1,1,-1,1,1,-1,1,1,1,Phishing
1898,1,1,1,1,1,-1,1,1,-1,1,1,1,1,0,1,-1,1,1,0,1,1,1,1,1,1,1,1,1,0,1,Phishing
1899,-1,-1,-1,1,-1,1,1,-1,-1,1,1,-1,1,1,0,-1,1,-1,1,1,1,1,1,1,-1,1,-1,1,1,1,Phishing
1900,1,-1,1,1,1,-1,-1,-1,1,1,1,1,-1,0,1,0,1,1,0,1,1,1,1,-1,1,1,-1,1,0,1,Phishing
1901,-1,-1,1,1,1,1,1,1,1,-1,-1,1,-1,1,-1,-1,-1,1,0,1,1,-1,1,-1,1,1,-1,1,1,1,Phishing
1902,1,-1,1,1,1,-1,1,1,1,1,1,1,-1,1,0,-1,1,1,0,1,1,1,1,1,1,-1,-1,1,0,1,Phishing
1903,1,-1,1,1,1,-1,-1,0,1,1,-1,1,1,0,-1,-1,-1,-1,0,1,1,1,1,-1,1,1,-1,1,1,-1,Legitimate
1904,1,-1,1,1,1,-1,1,-1,-1,1,1,1,1,1,0,-1,1,1,0,1,1,1,1,-1,1,0,-1,1,0,1,Phishing
1905,-1,-1,1,1,1,-1,1,-1,1,1,1,1,1,0,0,-1,1,1,0,1,1,1,1,1,1,-1,-1,-1,1,1,Phishing
1906,1,1,1,1,1,-1,1,1,-1,-1,1,-1,1,0,0,1,1,1,0,-1,1,-1,1,1,1,1,-1,1,-1,1,Phishing
1907,1,-1,1,1,1,-1,-1,1,1,1,1,1,-1,1,-1,-1,1,1,0,1,1,1,1,1,1,-1,-1,1,0,1,Phishing
1908,-1,-1,1,1,1,-1,-1,1,-1,1,1,1,-1,1,-1,1,1,1,1,1,1,1,1,-1,1,0,1,1,1,1,Phishing
1909,-1,-1,1,1,1,-1,0,-1,1,1,1,1,-1,0,-1,1,1,1,1,1,1,1,1,-1,1,-1,1,1,1,1,Legitimate
1910,-1,-1,-1,1,-1,-1,0,1,1,1,1,-1,-1,1,0,-1,1,-1,1,1,1,1,1,-1,-1,1,-1,1,1,1,Phishing
1911,-1,-1,-1,1,-1,1,0,1,-1,1,1,-1,1,1,1,-1,1,-1,0,1,1,1,1,-1,-1,1,-1,-1,1,1,Phishing
1912,1,-1,1,1,1,-1,1,1,-1,-1,-1,1,1,0,0,-1,1,1,0,1,1,-1,1,1,1,0,-1,-1,0,-1,Phishing
1913,-1,1,-1,1,-1,-1,0,1,-1,-1,-1,-1,-1,0,1,1,-1,-1,1,-1,1,-1,1,-1,-1,-1,1,1,1,-1,Phishing
1914,-1,-1,1,1,1,-1,-1,0,-1,1,1,1,1,-1,-1,-1,1,1,0,1,1,1,1,1,1,0,-1,1,1,1,Legitimate
1915,1,-1,1,1,1,-1,-1,1,-1,1,1,1,1,1,1,-1,1,1,0,1,1,1,1,1,1,1,1,-1,0,1,Phishing
1916,-1,-1,-1,1,-1,-1,-1,-1,-1,-1,-1,-1,-1,-1,1,-1,-1,-1,1,-1,-1,-1,-1,1,-1,1,-1,1,1,-1,Legitimate
1917,1,-1,1,1,1,-1,-1,-1,1,1,1,1,-1,-1,-1,-1,1,1,0,1,1,1,1,-1,-1,0,-1,1,1,1,Legitimate
1918,1,1,1,1,1,-1,-1,1,-1,-1,1,1,1,0,1,1,1,-1,0,-1,1,-1,1,-1,-1,0,-1,1,-1,-1,Legitimate
1919,1,-1,1,1,1,-1,-1,-1,1,1,1,1,-1,1,-1,-1,1,1,0,1,1,1,1,-1,1,-1,-1,1,1,1,Legitimate
1920,1,-1,1,1,1,-1,-1,1,-1,-1,-1,1,1,0,1,-1,-1,1,0,1,-1,-1,-1,1,-1,1,1,1,1,-1,Phishing
1921,1,-1,1,1,1,-1,1,1,-1,1,1,1,1,1,-1,-1,1,1,0,1,1,1,1,1,1,0,1,1,0,1,Phishing
1922,1,-1,1,1,1,-1,1,1,-1,1,1,1,1,1,0,-1,1,1,0,1,1,1,1,1,1,1,-1,1,0,-1,Phishing
1923,1,1,1,1,1,-1,-1,-1,-1,1,1,1,1,-1,-1,-1,1,1,0,1,1,1,1,1,1,0,1,1,0,1,Legitimate
1924,-1,1,1,1,1,-1,-1,0,-1,1,1,1,1,-1,-1,-1,1,1,0,1,1,1,1,1,1,0,1,1,-1,-1,Legitimate
1925,-1,1,1,-1,1,-1,0,1,-1,-1,1,1,1,0,1,-1,1,-1,0,-1,1,-1,1,1,1,0,1,1,-1,1,Legitimate
1926,1,-1,1,1,1,-1,1,1,-1,1,1,1,1,0,0,-1,1,1,0,1,1,1,1,-1,1,1,-1,1,0,1,Phishing
1927,1,-1,1,1,1,-1,-1,-1,1,1,1,1,-1,-1,0,-1,1,1,0,1,1,1,1,-1,-1,-1,-1,-1,1,1,Legitimate
1928,-1,-1,-1,1,1,-1,1,-1,-1,1,1,1,1,0,-1,0,-1,1,0,1,1,1,1,-1,1,-1,1,1,1,1,Legitimate
1929,-1,-1,-1,1,-1,-1,1,1,1,1,1,-1,-1,0,0,-1,1,-1,1,1,1,1,1,1,-1,1,-1,-1,1,1,Phishing
1930,1,-1,1,1,1,-1,-1,1,-1,-1,1,1,-1,0,-1,-1,1,1,0,-1,1,-1,-1,-1,1,1,-1,1,-1,1,Legitimate
1931,1,-1,1,1,1,-1,-1,-1,1,1,1,1,-1,-1,-1,-1,1,1,0,1,1,1,1,1,-1,-1,-1,1,0,1,Legitimate
1932,-1,1,1,1,1,-1,1,1,-1,-1,1,1,1,0,0,-1,1,1,0,-1,1,-1,-1,-1,1,1,1,1,1,1,Phishing
1933,1,-1,1,1,1,-1,1,1,-1,-1,1,1,1,0,-1,-1,1,1,0,-1,1,-1,1,1,-1,1,-1,-1,1,1,Phishing
1934,1,-1,1,1,1,-1,-1,1,-1,1,1,1,1,0,1,1,1,1,0,1,1,1,1,-1,1,1,-1,1,0,1,Phishing
1935,1,-1,1,-1,1,-1,1,1,-1,1,1,1,1,0,1,-1,1,1,0,1,1,1,1,1,1,1,1,1,0,1,Phishing
1936,-1,-1,1,1,1,1,1,1,-1,1,1,1,1,0,1,-1,1,1,0,1,1,1,1,-1,1,1,-1,1,1,1,Phishing
1937,-1,1,1,-1,1,-1,-1,0,-1,1,1,1,1,-1,0,-1,1,1,0,1,1,1,1,1,1,1,1,1,1,1,Legitimate
1938,1,-1,1,1,1,-1,-1,-1,-1,-1,-1,1,1,0,-1,-1,-1,1,0,1,1,-1,1,-1,-1,0,-1,1,0,-1,Legitimate
1939,1,-1,1,1,1,-1,-1,-1,1,1,1,1,-1,-1,0,-1,1,1,0,1,1,1,1,-1,1,0,-1,1,0,1,Legitimate
1940,1,-1,1,1,1,-1,-1,-1,1,1,1,1,-1,1,-1,-1,1,1,0,1,1,1,1,1,1,1,-1,1,0,1,Legitimate
1941,1,-1,1,1,1,-1,-1,-1,-1,1,1,1,-1,-1,0,-1,1,1,0,1,1,1,1,-1,-1,1,-1,1,0,1,Legitimate
1942,1,-1,1,1,1,-1,0,1,-1,1,1,1,-1,0,0,-1,1,1,0,1,1,1,1,1,-1,1,1,1,1,1,Phishing
1943,-1,-1,-1,1,-1,1,1,1,1,1,1,-1,1,0,0,-1,1,1,0,1,1,1,1,1,-1,1,-1,1,1,1,Phishing
1944,-1,-1,1,1,1,-1,1,1,-1,1,1,1,1,0,0,-1,1,1,1,1,1,1,1,-1,1,1,-1,1,1,1,Phishing
1945,1,-1,1,1,1,-1,-1,-1,1,1,1,1,1,0,0,-1,1,1,0,1,1,1,1,-1,-1,1,-1,1,1,1,Legitimate
1946,1,1,1,1,1,-1,-1,1,-1,-1,-1,1,1,0,-1,1,-1,1,0,1,1,-1,1,-1,1,1,-1,1,1,-1,Phishing
1947,1,-1,1,1,1,1,0,-1,-1,1,1,1,1,0,0,-1,1,1,0,1,1,1,1,-1,1,1,1,1,0,1,Phishing
1948,1,-1,1,1,1,-1,-1,-1,-1,1,1,1,-1,-1,0,-1,1,1,0,1,1,1,1,-1,-1,0,-1,1,0,1,Legitimate
1949,1,-1,1,1,1,-1,0,0,-1,1,1,1,-1,-1,-1,-1,1,1,0,1,1,1,1,1,-1,-1,-1,1,1,1,Legitimate
1950,-1,-1,1,-1,1,-1,0,-1,1,1,1,-1,-1,-1,-1,-1,1,-1,0,1,1,1,1,-1,1,0,-1,1,1,1,Legitimate
1951,1,-1,1,1,-1,-1,1,1,-1,1,1,1,1,1,0,1,1,1,1,1,1,1,1,1,1,1,-1,1,-1,1,Phishing
1952,-1,-1,-1,1,-1,1,1,1,1,1,1,-1,-1,0,0,-1,1,1,1,1,1,1,1,1,-1,1,-1,1,1,1,Phishing
1953,1,1,-1,-1,1,-1,1,1,-1,1,1,1,1,0,1,0,1,1,0,1,1,1,1,-1,1,-1,1,1,1,1,Phishing
1954,1,-1,1,1,1,-1,0,1,-1,1,1,1,1,0,-1,-1,1,1,0,1,1,1,1,-1,1,1,-1,1,0,1,Phishing
1955,1,-1,1,1,1,-1,-1,-1,1,1,1,1,-1,0,0,-1,1,1,0,1,1,1,1,-1,1,1,-1,1,0,1,Phishing
1956,-1,-1,1,1,1,-1,0,-1,1,1,1,1,-1,-1,-1,-1,1,1,1,1,1,1,1,-1,1,0,1,1,1,1,Legitimate
1957,1,-1,1,1,1,1,-1,1,1,1,1,1,-1,1,1,-1,1,1,0,1,1,1,1,-1,1,1,-1,1,0,-1,Phishing
1958,1,-1,1,1,1,1,1,1,-1,1,1,1,1,1,1,-1,1,1,0,1,1,1,1,1,1,1,-1,1,0,1,Phishing
1959,1,-1,1,-1,1,-1,0,0,1,1,1,1,-1,-1,0,-1,1,1,0,1,1,1,1,1,-1,-1,-1,1,1,1,Legitimate
1960,-1,-1,-1,1,-1,-1,1,1,-1,1,1,-1,-1,0,-1,-1,1,-1,1,1,1,1,1,1,-1,1,1,-1,1,1,Phishing
1961,-1,1,-1,-1,-1,-1,1,-1,-1,-1,-1,-1,1,-1,1,-1,-1,-1,1,-1,-1,-1,-1,1,-1,0,1,1,1,1,Legitimate
1962,1,-1,1,1,1,1,-1,1,1,1,1,1,-1,1,0,-1,1,1,0,1,1,1,1,-1,1,1,1,1,0,1,Phishing
1963,1,-1,1,1,1,-1,1,1,-1,1,1,1,1,0,1,1,1,1,0,1,1,1,1,-1,1,1,1,1,0,-1,Phishing
1964,1,-1,1,1,1,-1,-1,-1,-1,1,1,-1,-1,-1,0,-1,1,1,0,1,1,1,1,-1,1,-1,-1,1,0,1,Legitimate
1965,1,-1,1,1,1,-1,0,-1,-1,1,1,1,1,0,-1,-1,1,1,1,1,1,1,1,-1,1,1,1,1,0,1,Legitimate
1966,1,-1,1,1,1,-1,-1,1,-1,1,1,1,1,0,1,-1,1,1,0,1,1,1,1,1,1,1,-1,1,0,1,Phishing
1967,1,-1,1,1,1,-1,-1,-1,1,1,1,1,-1,-1,-1,-1,1,1,0,1,1,1,1,-1,-1,-1,-1,1,0,1,Legitimate
1968,-1,-1,1,-1,1,-1,1,1,-1,-1,-1,1,1,0,0,0,-1,1,0,-1,-1,-1,-1,-1,1,0,-1,1,1,1,Phishing
1969,1,-1,1,1,1,-1,0,1,-1,1,1,1,-1,0,1,-1,1,1,0,1,1,1,1,-1,-1,1,1,1,0,1,Phishing
1970,1,-1,1,1,1,-1,-1,-1,-1,1,1,1,1,-1,-1,-1,1,1,0,1,1,1,1,-1,-1,-1,-1,1,1,1,Legitimate
1971,1,-1,1,1,1,-1,0,-1,1,1,1,1,1,0,0,-1,1,1,0,1,1,1,1,1,-1,1,1,1,1,1,Phishing
1972,-1,-1,1,-1,1,-1,0,1,-1,-1,1,1,1,0,0,-1,-1,-1,0,-1,1,-1,1,1,1,0,-1,1,-1,1,Phishing
1973,-1,-1,1,1,1,-1,0,-1,1,1,1,1,-1,-1,1,-1,1,1,0,1,1,1,1,1,1,1,-1,-1,1,1,Legitimate
1974,1,-1,1,1,1,-1,0,1,-1,1,1,1,1,0,0,-1,1,1,0,1,1,1,1,1,1,0,-1,1,0,1,Phishing
1975,1,-1,1,1,1,1,1,1,1,1,1,1,-1,0,0,-1,1,1,0,1,1,1,1,1,1,-1,1,1,0,1,Phishing
1976,1,1,1,-1,1,-1,1,1,1,1,1,1,-1,0,0,1,-1,-1,0,1,1,1,1,1,1,1,-1,1,-1,1,Phishing
1977,1,-1,1,1,1,-1,-1,-1,1,1,1,1,-1,0,1,-1,1,1,0,1,1,1,1,1,-1,1,-1,-1,1,1,Legitimate
1978,1,-1,1,1,1,-1,-1,1,-1,1,1,1,1,0,1,-1,-1,1,0,1,1,1,1,1,1,1,-1,1,-1,1,Phishing
1979,1,-1,1,1,1,-1,1,1,-1,1,1,1,1,0,0,1,1,1,1,1,1,1,1,-1,1,1,1,1,0,1,Phishing
1980,1,-1,1,1,1,-1,0,1,-1,1,1,1,-1,0,-1,-1,1,1,0,1,1,1,1,1,1,0,-1,1,0,1,Phishing
1981,1,1,1,1,1,-1,0,1,-1,1,1,1,1,0,0,1,1,1,0,1,1,1,1,-1,1,1,1,1,0,1,Phishing
1982,1,-1,1,1,1,-1,1,1,1,1,1,1,-1,-1,-1,-1,1,1,0,1,1,1,1,1,-1,-1,-1,1,0,1,Legitimate
1983,1,-1,1,1,1,-1,-1,1,-1,1,1,1,1,0,0,-1,1,1,0,1,1,1,1,1,1,1,1,1,0,1,Phishing
1984,1,-1,1,1,1,1,0,1,-1,1,1,1,1,0,0,-1,1,1,0,1,1,1,1,1,1,1,1,1,0,1,Phishing
1985,1,-1,1,1,1,-1,1,0,-1,1,1,1,1,-1,-1,-1,1,1,0,1,1,1,1,-1,1,-1,1,1,0,1,Legitimate
1986,-1,-1,1,1,1,-1,1,1,1,1,1,1,-1,0,0,0,1,1,0,1,1,1,1,1,1,1,-1,1,0,1,Phishing
1987,1,1,1,1,1,-1,0,1,-1,1,1,1,1,1,-1,1,1,1,1,1,1,1,1,1,1,1,1,1,0,1,Phishing
1988,1,-1,1,1,1,-1,-1,-1,-1,-1,-1,1,1,0,-1,-1,-1,1,0,1,1,-1,1,1,1,1,-1,1,0,1,Phishing
1989,1,-1,1,-1,1,-1,-1,1,1,1,1,1,-1,1,1,-1,1,1,0,1,1,1,1,-1,1,1,-1,-1,0,1,Phishing
1990,1,-1,1,1,1,-1,-1,1,-1,1,1,1,1,0,-1,-1,1,1,0,1,1,1,1,-1,1,1,-1,1,0,1,Phishing
1991,1,-1,1,1,1,-1,0,-1,1,1,1,-1,-1,-1,-1,-1,1,-1,0,1,1,1,1,-1,-1,0,-1,1,1,-1,Legitimate
1992,-1,-1,1,1,1,-1,-1,-1,1,1,1,1,-1,-1,-1,-1,1,1,0,1,1,1,1,1,1,1,-1,-1,1,1,Legitimate
1993,1,-1,1,1,1,-1,0,1,1,-1,-1,1,-1,1,0,-1,-1,1,0,-1,1,-1,-1,-1,-1,1,-1,1,1,-1,Phishing
1994,1,-1,1,-1,1,-1,1,1,-1,1,1,1,1,0,1,-1,1,1,0,1,1,1,1,1,1,1,1,1,0,1,Phishing
1995,-1,-1,1,1,1,-1,1,1,1,1,1,1,-1,1,-1,-1,1,1,0,1,1,1,1,-1,1,0,-1,1,1,1,Phishing
1996,-1,-1,1,1,1,-1,1,1,-1,-1,1,1,1,0,0,1,1,1,0,1,1,-1,1,-1,1,1,-1,1,1,1,Phishing
1997,1,-1,1,-1,1,-1,0,1,-1,-1,1,1,1,0,0,-1,-1,-1,0,-1,1,-1,1,-1,1,1,-1,1,-1,1,Phishing
1998,-1,-1,-1,1,-1,1,0,1,-1,1,1,-1,1,1,-1,-1,1,-1,1,1,1,1,1,-1,-1,1,-1,1,1,1,Phishing
1999,-1,-1,1,1,1,-1,-1,-1,-1,1,1,1,-1,0,-1,-1,1,1,0,1,1,1,1,-1,1,0,1,1,1,1,Legitimate
2000,1,-1,1,1,1,-1,-1,-1,-1,1,1,1,1,-1,0,-1,1,1,0,1,1,1,1,-1,-1,-1,-1,1,0,1,Legitimate
2001,-1,-1,1,1,1,-1,0,-1,-1,1,1,1,-1,-1,-1,-1,-1,1,1,1,1,1,1,1,1,1,-1,-1,1,1,Legitimate
2002,1,-1,-1,1,-1,-1,-1,1,-1,1,1,-1,1,0,1,-1,1,-1,0,1,1,1,1,1,-1,1,-1,1,1,1,Phishing
2003,-1,-1,1,-1,1,1,1,1,1,-1,-1,1,-1,1,1,-1,-1,1,0,-1,1,-1,-1,1,1,0,-1,1,1,1,Phishing
2004,1,1,1,-1,1,-1,1,0,-1,-1,-1,1,1,-1,-1,-1,-1,1,1,-1,1,-1,-1,1,1,-1,-1,1,0,1,Legitimate
2005,1,-1,1,1,1,-1,0,0,1,1,1,1,1,-1,-1,-1,1,1,0,1,1,1,1,1,-1,-1,-1,1,1,-1,Legitimate
2006,1,-1,1,1,1,-1,1,1,-1,1,1,1,1,0,1,-1,1,1,0,1,1,1,1,1,-1,1,-1,1,0,1,Phishing
2007,1,-1,1,1,1,-1,1,1,-1,1,1,1,1,0,0,-1,1,1,0,1,1,1,1,1,1,1,-1,1,0,1,Phishing
2008,-1,-1,-1,-1,-1,-1,1,1,-1,1,1,-1,1,0,-1,1,-1,-1,0,1,1,1,1,1,-1,1,-1,1,-1,1,Phishing
2009,-1,-1,1,1,1,-1,1,1,1,1,1,1,1,0,-1,0,1,1,0,1,1,1,1,-1,1,1,-1,1,1,1,Phishing
2010,1,-1,1,1,1,-1,1,1,1,1,1,1,-1,-1,-1,-1,1,1,0,1,1,1,1,-1,-1,0,-1,-1,1,-1,Legitimate
2011,-1,-1,1,1,1,-1,-1,0,-1,1,1,1,1,-1,0,-1,-1,1,0,1,1,1,1,1,1,0,-1,1,0,1,Legitimate
2012,-1,-1,-1,1,-1,-1,1,1,1,1,1,-1,-1,0,0,-1,1,-1,1,1,1,1,1,1,-1,1,-1,-1,1,1,Phishing
2013,-1,-1,1,1,1,1,1,1,-1,1,1,1,1,0,1,-1,1,1,0,1,1,1,1,-1,1,1,-1,1,1,1,Phishing
2014,1,-1,1,1,1,-1,-1,-1,-1,1,1,1,-1,0,0,-1,1,1,0,1,1,1,1,-1,-1,-1,1,1,1,1,Legitimate
2015,-1,-1,1,1,1,1,1,1,-1,1,1,1,1,1,1,-1,1,1,0,1,1,1,1,1,1,-1,-1,1,1,1,Phishing
2016,1,-1,1,1,1,-1,0,1,1,1,1,1,1,-1,-1,-1,1,1,0,1,1,1,1,-1,1,1,1,1,0,-1,Legitimate
2017,-1,-1,1,-1,1,-1,-1,1,-1,-1,-1,1,1,0,0,0,-1,1,0,-1,-1,-1,-1,-1,1,1,-1,1,1,1,Phishing
2018,1,1,1,1,1,-1,0,1,-1,1,1,1,1,0,1,1,1,1,1,1,1,1,1,1,1,1,1,1,-1,1,Phishing
2019,1,-1,1,-1,1,-1,1,1,-1,-1,-1,1,1,0,1,1,-1,-1,0,-1,1,-1,1,1,1,1,-1,1,0,1,Phishing
2020,1,-1,1,1,1,1,-1,1,-1,-1,-1,1,-1,1,0,-1,-1,1,0,1,1,1,1,1,1,1,-1,1,0,-1,Phishing
2021,1,-1,1,1,1,1,-1,1,-1,-1,1,1,1,1,0,-1,1,1,0,1,1,-1,1,-1,1,1,-1,1,0,1,Phishing
2022,1,-1,1,1,1,-1,0,-1,1,1,1,-1,-1,0,-1,-1,1,1,1,1,1,1,1,-1,1,0,-1,1,1,1,Phishing
2023,-1,-1,-1,1,-1,1,1,1,-1,1,1,1,1,1,0,-1,1,1,1,1,1,1,1,-1,1,-1,-1,1,-1,1,Phishing
2024,1,-1,1,1,1,-1,0,0,-1,1,1,1,1,-1,-1,-1,1,1,0,1,1,1,1,1,-1,-1,-1,1,1,1,Legitimate
2025,1,-1,1,1,1,-1,-1,-1,1,1,1,1,-1,-1,0,-1,1,1,0,1,1,1,1,-1,1,0,-1,1,0,1,Legitimate
2026,1,-1,1,1,1,1,1,1,-1,1,1,1,1,1,1,-1,1,1,0,1,1,1,1,1,1,1,-1,-1,0,1,Phishing
2027,-1,-1,1,-1,1,-1,-1,1,-1,-1,-1,1,1,1,-1,-1,-1,1,0,-1,1,-1,1,-1,1,1,1,1,1,1,Phishing
2028,1,-1,1,1,1,1,1,1,-1,1,1,1,1,1,-1,-1,1,1,0,1,1,-1,1,-1,1,1,1,1,0,1,Phishing
2029,1,-1,1,1,1,-1,0,-1,1,1,1,1,-1,-1,-1,-1,1,1,0,1,1,1,1,-1,1,0,1,1,0,1,Legitimate
2030,1,-1,1,1,1,-1,-1,-1,-1,-1,-1,1,1,1,-1,-1,-1,1,0,-1,-1,-1,-1,1,-1,1,-1,-1,1,-1,Legitimate
2031,-1,-1,-1,1,-1,-1,0,0,-1,1,1,-1,-1,-1,1,-1,1,-1,1,1,1,1,1,1,1,-1,-1,1,0,1,Legitimate
2032,1,-1,1,1,1,-1,1,1,1,1,1,1,1,0,1,1,1,1,0,1,1,1,1,1,1,1,-1,1,0,-1,Phishing
2033,-1,-1,1,1,1,-1,0,1,1,1,1,1,1,0,-1,-1,1,1,0,1,1,1,1,1,1,1,-1,1,1,1,Phishing
2034,1,-1,1,1,1,-1,-1,1,-1,1,1,1,-1,0,-1,-1,1,1,0,1,1,1,1,-1,-1,0,-1,-1,0,1,Legitimate
2035,1,-1,-1,1,1,-1,-1,1,-1,1,1,1,-1,0,0,-1,1,1,0,1,1,1,1,-1,1,0,-1,1,0,1,Phishing
2036,1,-1,1,1,1,1,0,-1,-1,1,1,1,1,1,-1,-1,1,1,0,1,1,1,1,-1,1,0,-1,1,0,1,Phishing
2037,1,1,1,1,1,1,-1,1,-1,1,1,1,1,0,0,1,1,1,0,1,1,1,1,1,1,1,1,1,0,1,Phishing
2038,-1,1,1,1,-1,-1,1,1,-1,-1,1,-1,1,0,1,-1,1,1,0,-1,1,-1,1,1,1,1,-1,1,0,1,Phishing
2039,1,1,1,-1,1,-1,0,1,1,-1,-1,1,-1,-1,-1,-1,1,1,0,-1,-1,-1,-1,1,-1,0,-1,1,0,-1,Legitimate
2040,-1,-1,1,1,1,-1,0,-1,1,1,1,1,1,-1,-1,-1,1,1,0,1,1,1,1,-1,1,-1,1,1,1,1,Legitimate
2041,1,-1,1,-1,1,1,1,1,-1,1,1,1,1,1,1,-1,1,1,0,1,1,1,1,1,1,1,-1,1,0,1,Phishing
2042,1,1,1,1,1,-1,0,1,-1,1,1,1,1,0,1,-1,1,1,0,1,1,1,1,1,1,1,-1,1,0,1,Phishing
2043,1,-1,1,-1,1,-1,-1,1,1,1,1,1,-1,0,-1,0,1,1,0,1,1,1,1,1,1,1,-1,1,0,1,Phishing
2044,1,-1,1,1,1,-1,1,1,-1,1,1,1,1,0,-1,-1,1,1,0,1,1,1,1,1,1,1,-1,1,0,1,Phishing
2045,-1,-1,1,1,1,-1,1,1,-1,1,1,1,1,0,1,0,1,1,0,1,1,1,1,-1,1,0,-1,1,1,1,Phishing
2046,1,-1,1,1,1,-1,1,-1,1,1,1,1,-1,0,-1,-1,1,1,0,1,1,1,1,1,1,-1,-1,1,0,1,Phishing
2047,1,-1,1,1,1,-1,1,1,-1,1,1,1,1,0,1,-1,1,1,0,1,1,1,1,1,1,1,-1,1,0,1,Phishing
2048,1,1,1,1,1,-1,-1,-1,-1,1,1,1,-1,-1,0,-1,1,1,0,1,1,1,1,1,1,1,1,1,0,1,Legitimate
2049,-1,-1,1,1,1,-1,0,-1,-1,1,1,1,-1,0,0,0,1,1,0,1,1,1,1,1,1,0,-1,1,0,1,Legitimate
2050,-1,-1,-1,-1,-1,-1,1,-1,-1,-1,-1,-1,-1,-1,1,1,-1,-1,1,-1,-1,-1,-1,1,-1,1,-1,1,1,1,Legitimate
2051,1,-1,1,1,1,-1,-1,1,-1,-1,1,1,1,0,1,-1,1,1,0,1,1,-1,1,1,-1,0,-1,1,0,1,Phishing
2052,1,-1,1,1,1,-1,1,1,1,1,1,1,-1,0,-1,-1,1,1,0,1,1,1,1,-1,-1,0,-1,1,0,1,Legitimate
2053,-1,1,1,1,1,-1,-1,-1,-1,1,1,1,1,-1,1,-1,1,1,0,1,1,1,1,1,1,0,1,1,1,1,Legitimate
2054,-1,-1,1,1,1,-1,-1,-1,1,1,1,1,-1,-1,-1,-1,1,1,1,1,1,1,1,-1,1,-1,-1,1,1,1,Legitimate
2055,1,0,1,-1,1,-1,-1,1,1,1,1,-1,-1,0,-1,0,-1,-1,1,1,1,1,1,-1,1,-1,-1,1,0,1,Phishing
2056,-1,-1,1,1,1,-1,-1,0,-1,1,1,1,1,-1,-1,-1,1,1,0,1,1,1,1,1,1,0,-1,1,0,1,Legitimate
2057,1,-1,1,1,1,-1,0,0,1,-1,-1,1,1,-1,0,-1,-1,1,0,-1,1,-1,-1,1,1,0,-1,-1,0,-1,Legitimate
2058,1,-1,1,1,1,-1,0,1,-1,1,1,1,1,0,0,-1,1,1,0,1,1,1,1,-1,1,1,-1,1,0,1,Phishing
2059,1,-1,1,1,1,-1,-1,-1,-1,1,1,1,1,-1,0,-1,1,1,0,1,1,1,1,1,1,0,-1,1,0,1,Legitimate
2060,1,-1,1,1,1,-1,0,0,1,1,1,1,-1,-1,-1,-1,1,1,0,1,1,1,1,1,-1,-1,-1,1,1,1,Legitimate
2061,-1,-1,1,1,1,1,1,1,-1,1,1,1,1,0,0,-1,-1,1,0,1,1,1,1,1,1,1,-1,1,0,1,Phishing
2062,1,-1,1,-1,1,-1,1,1,1,-1,-1,1,-1,0,0,0,-1,1,0,-1,1,-1,-1,-1,1,-1,1,1,0,1,Phishing
2063,1,-1,1,1,1,-1,0,-1,-1,1,1,1,1,-1,0,-1,1,1,0,1,1,1,1,-1,1,-1,-1,1,0,1,Legitimate
2064,1,-1,1,1,1,-1,0,0,-1,1,1,1,-1,-1,0,-1,1,1,0,1,1,1,1,1,1,0,-1,1,0,1,Legitimate
2065,1,-1,1,1,1,-1,-1,1,-1,1,1,1,-1,0,0,-1,1,1,0,1,1,1,1,-1,1,1,-1,1,0,-1,Phishing
2066,1,-1,1,1,1,-1,1,1,-1,1,1,1,1,0,1,1,1,1,0,1,1,1,1,1,1,-1,-1,1,0,1,Phishing
2067,1,-1,1,1,1,-1,-1,-1,-1,1,1,1,1,-1,-1,-1,1,1,0,1,1,1,1,-1,1,0,-1,1,0,1,Legitimate
2068,-1,-1,1,1,1,-1,-1,-1,1,1,1,1,-1,-1,-1,-1,1,1,0,1,1,1,1,1,1,1,-1,-1,0,1,Legitimate
2069,1,-1,1,1,1,-1,-1,-1,1,-1,-1,1,-1,-1,-1,-1,-1,-1,0,-1,1,-1,1,-1,-1,1,-1,1,-1,-1,Legitimate
2070,1,-1,1,1,1,1,-1,1,-1,1,1,1,1,0,0,-1,1,1,0,1,1,1,1,1,1,1,-1,1,1,1,Phishing
2071,1,1,1,1,1,-1,1,1,-1,1,1,1,1,0,1,-1,1,1,0,1,1,1,1,1,1,-1,1,1,1,1,Phishing
2072,1,-1,1,1,1,-1,1,-1,-1,1,1,-1,1,0,1,-1,1,1,0,1,1,1,1,1,1,0,-1,1,-1,1,Legitimate
2073,1,-1,1,1,1,-1,1,1,1,1,1,1,-1,1,-1,-1,1,1,0,1,1,1,1,1,-1,0,1,1,0,1,Phishing
2074,1,-1,1,1,1,-1,0,-1,-1,1,1,1,1,1,0,-1,1,1,0,1,1,1,1,-1,1,1,-1,1,0,1,Phishing
2075,1,-1,1,1,1,-1,-1,-1,1,1,1,1,1,-1,-1,-1,1,1,0,1,1,1,1,-1,1,-1,-1,1,0,1,Legitimate
2076,1,-1,1,1,1,-1,0,-1,-1,1,1,1,1,-1,-1,-1,1,1,0,1,1,1,1,-1,-1,1,-1,1,0,1,Legitimate
2077,1,-1,1,1,1,-1,-1,-1,-1,-1,-1,1,-1,-1,0,-1,-1,1,0,-1,-1,-1,-1,-1,-1,0,-1,1,0,-1,Legitimate
2078,1,-1,1,1,1,-1,0,1,1,1,1,1,-1,0,1,-1,1,1,0,1,1,1,1,1,-1,1,-1,1,1,1,Phishing
2079,-1,-1,1,1,1,-1,1,1,-1,1,1,1,-1,0,1,1,1,1,0,1,1,1,1,1,1,0,-1,1,1,1,Phishing
2080,1,1,1,1,1,-1,0,1,-1,1,1,1,1,-1,-1,1,1,1,0,1,1,1,1,1,1,0,-1,1,0,1,Legitimate
2081,1,-1,1,1,1,-1,-1,1,-1,1,1,1,1,0,0,-1,-1,1,0,1,1,-1,-1,1,1,1,1,-1,0,1,Phishing
2082,1,-1,-1,1,-1,1,-1,1,-1,1,1,1,1,1,0,-1,1,1,1,1,1,1,1,-1,-1,1,-1,1,-1,1,Phishing
2083,1,-1,1,1,1,-1,1,-1,1,1,1,1,-1,0,-1,-1,1,1,0,1,1,1,1,-1,-1,1,-1,1,0,1,Legitimate
2084,1,-1,1,1,1,-1,0,1,1,-1,1,1,-1,1,0,-1,1,1,0,1,1,-1,-1,-1,-1,1,1,-1,1,1,Phishing
2085,1,1,1,1,1,1,-1,1,-1,1,1,1,1,1,0,1,1,1,0,1,1,1,1,1,-1,1,-1,1,1,1,Phishing
2086,-1,-1,1,1,1,-1,1,0,-1,1,1,1,-1,-1,-1,0,-1,1,0,1,1,1,1,-1,1,-1,1,1,0,1,Legitimate
2087,1,1,1,1,1,-1,0,0,-1,1,1,1,1,-1,-1,1,1,1,0,1,1,1,1,1,-1,-1,-1,-1,1,1,Legitimate
2088,1,-1,1,1,1,-1,1,0,-1,1,1,1,1,-1,1,-1,1,1,0,1,1,1,1,-1,1,1,-1,1,0,1,Legitimate
2089,1,-1,1,1,1,-1,-1,-1,1,1,1,1,-1,1,-1,-1,1,1,0,1,1,1,1,1,1,0,-1,1,0,1,Legitimate
2090,1,-1,1,1,1,-1,1,-1,1,1,1,1,-1,-1,-1,-1,1,1,0,1,1,1,1,-1,-1,-1,-1,-1,1,1,Legitimate
2091,1,-1,1,1,1,-1,-1,1,1,1,1,1,-1,-1,1,-1,1,1,0,1,1,1,1,-1,1,0,-1,1,0,1,Legitimate
2092,-1,1,1,1,1,-1,1,1,-1,-1,1,1,1,0,-1,0,1,1,0,1,1,-1,1,1,1,1,1,1,1,1,Phishing
2093,-1,-1,-1,1,-1,-1,-1,0,-1,1,1,-1,-1,-1,-1,-1,1,1,1,-1,1,-1,1,1,-1,0,-1,1,0,1,Legitimate
2094,1,-1,1,1,1,-1,-1,-1,1,1,1,1,-1,0,0,-1,1,1,0,1,1,1,1,-1,-1,-1,1,1,1,1,Legitimate
2095,1,-1,1,-1,1,-1,-1,-1,-1,1,1,1,1,-1,-1,-1,1,1,0,1,1,1,1,1,1,1,-1,1,0,1,Legitimate
2096,1,-1,1,1,1,-1,-1,-1,-1,1,1,-1,-1,0,-1,-1,1,1,0,1,1,1,1,-1,1,1,-1,1,0,1,Legitimate
2097,1,-1,1,-1,1,-1,0,-1,-1,1,1,1,-1,-1,-1,-1,1,1,0,1,1,1,1,-1,-1,0,-1,-1,0,1,Legitimate
2098,1,1,1,1,1,-1,0,0,-1,1,1,1,1,-1,0,1,1,1,0,1,1,1,1,1,-1,1,-1,-1,1,1,Legitimate
2099,1,-1,1,1,1,-1,1,1,-1,1,1,1,1,1,1,1,1,1,0,1,1,1,1,1,1,1,-1,1,0,1,Phishing
2100,-1,-1,1,1,1,-1,-1,0,-1,1,1,1,1,-1,0,0,1,1,0,1,1,1,1,1,1,0,-1,-1,0,-1,Legitimate
2101,-1,-1,1,1,1,-1,1,-1,1,1,1,1,-1,0,-1,-1,1,1,0,1,1,1,1,1,1,0,-1,1,1,1,Phishing
2102,1,-1,1,1,1,-1,-1,-1,1,1,1,1,-1,0,0,0,1,1,0,1,1,1,1,1,1,1,-1,-1,0,1,Legitimate
2103,-1,-1,-1,1,-1,-1,0,-1,1,-1,-1,-1,-1,-1,1,-1,-1,-1,0,1,1,-1,-1,-1,-1,0,1,-1,1,1,Legitimate
2104,1,-1,1,1,1,-1,1,1,1,1,1,1,-1,0,1,0,1,1,0,1,1,1,1,-1,1,0,-1,1,0,1,Phishing
2105,1,1,1,-1,1,-1,0,0,1,1,1,1,-1,-1,0,1,1,1,0,1,1,1,1,1,1,-1,-1,1,0,1,Legitimate
2106,-1,-1,1,1,1,-1,-1,-1,-1,1,1,1,-1,-1,0,0,1,1,0,1,1,1,1,1,1,1,-1,1,0,1,Legitimate
2107,1,-1,1,1,1,-1,0,1,1,1,1,1,-1,-1,-1,0,1,1,0,1,1,1,1,-1,1,-1,-1,1,0,1,Legitimate
2108,1,1,1,1,1,-1,-1,-1,-1,1,1,1,1,-1,-1,1,1,1,0,1,1,1,1,-1,1,-1,-1,1,0,1,Legitimate
2109,1,-1,1,1,1,-1,-1,0,1,1,1,1,-1,-1,-1,-1,1,1,0,1,1,1,1,1,1,0,-1,-1,0,1,Legitimate
2110,1,-1,1,1,1,-1,1,1,-1,1,1,1,1,1,0,-1,1,1,0,1,1,1,1,1,1,1,-1,1,0,1,Phishing
2111,1,-1,1,1,1,-1,0,1,1,1,1,1,-1,0,-1,-1,1,1,0,1,1,1,1,-1,1,0,-1,-1,0,1,Legitimate
2112,-1,-1,1,1,1,-1,0,-1,1,1,1,1,-1,-1,0,0,1,1,0,1,1,1,1,1,1,1,-1,1,0,1,Legitimate
2113,1,-1,1,1,1,-1,-1,1,-1,1,1,1,1,-1,-1,-1,1,1,0,1,1,1,1,-1,-1,0,-1,1,0,1,Legitimate
2114,-1,1,1,-1,1,-1,1,1,-1,-1,1,1,1,0,0,-1,1,-1,0,1,-1,-1,-1,-1,1,0,1,1,1,1,Phishing
2115,1,-1,1,1,1,-1,0,1,1,1,1,1,-1,1,0,-1,-1,-1,0,1,1,1,1,-1,1,1,-1,1,0,-1,Phishing
2116,1,-1,1,1,1,1,0,-1,-1,1,1,1,-1,1,1,-1,1,1,0,1,1,1,1,-1,-1,1,-1,1,1,1,Phishing
2117,-1,-1,1,-1,1,-1,1,1,-1,-1,-1,1,1,0,0,1,-1,1,0,1,1,-1,-1,1,1,0,-1,1,1,1,Phishing
2118,-1,-1,1,1,1,-1,-1,0,1,1,1,1,-1,-1,-1,-1,1,1,0,1,1,1,1,-1,1,0,-1,-1,1,1,Legitimate
2119,-1,1,-1,1,-1,-1,0,0,-1,1,1,-1,-1,-1,1,1,1,-1,1,1,1,1,1,1,1,-1,-1,1,0,1,Legitimate
2120,-1,-1,-1,1,-1,-1,1,1,-1,1,1,-1,1,0,1,-1,1,-1,0,1,1,1,1,1,1,-1,-1,1,1,1,Phishing
2121,1,-1,1,1,1,-1,1,1,1,1,1,1,-1,0,-1,-1,1,1,0,1,1,1,1,1,1,-1,-1,1,0,1,Phishing
2122,-1,1,1,1,1,-1,1,1,-1,-1,-1,1,1,0,-1,-1,-1,1,0,-1,1,-1,-1,-1,1,0,1,1,-1,1,Phishing
2123,1,-1,1,1,1,-1,1,1,1,1,1,1,-1,1,1,-1,1,1,0,1,1,1,1,1,1,1,-1,1,0,1,Phishing
2124,1,-1,-1,1,1,-1,1,1,-1,1,1,1,1,1,0,-1,1,1,0,1,1,1,1,1,1,1,-1,-1,0,1,Phishing
2125,-1,1,-1,-1,-1,1,0,1,-1,-1,1,-1,1,1,1,-1,-1,-1,0,1,1,-1,1,1,-1,0,-1,-1,1,1,Phishing
2126,1,-1,1,1,1,-1,1,1,1,1,1,1,-1,1,0,-1,1,1,0,1,1,1,1,1,1,-1,-1,1,0,1,Phishing
2127,1,-1,1,1,1,-1,1,1,-1,1,1,1,1,0,1,-1,1,1,0,1,1,1,1,1,-1,1,1,1,1,1,Phishing
2128,1,0,1,-1,1,-1,-1,-1,1,1,1,-1,-1,0,-1,-1,1,1,0,1,1,1,1,-1,1,0,-1,-1,0,1,Legitimate
2129,1,1,1,1,1,-1,-1,1,-1,1,1,1,1,0,-1,0,1,1,0,1,1,1,1,1,1,1,-1,1,0,1,Phishing
2130,-1,1,-1,-1,-1,-1,-1,1,-1,1,1,-1,1,0,0,0,1,-1,0,1,1,1,1,1,-1,1,-1,-1,1,1,Phishing
2131,1,-1,1,1,1,-1,1,1,-1,1,1,1,1,0,-1,-1,1,1,0,1,1,1,1,1,1,0,-1,1,0,1,Phishing
2132,1,-1,1,1,1,-1,1,1,-1,1,1,1,-1,1,-1,-1,1,1,0,1,1,1,1,1,1,0,1,1,0,1,Phishing
2133,1,-1,1,1,1,-1,1,-1,1,1,1,1,-1,0,1,0,1,1,0,1,1,1,1,-1,1,0,-1,1,0,1,Phishing
2134,1,-1,1,1,1,-1,1,1,-1,1,1,1,1,0,1,-1,1,1,0,1,1,1,1,-1,1,0,-1,1,0,1,Phishing
2135,1,-1,1,1,1,-1,-1,-1,1,1,1,1,-1,1,-1,-1,1,1,0,1,1,1,1,-1,1,-1,-1,-1,1,1,Legitimate
2136,-1,-1,1,-1,1,-1,1,1,-1,-1,1,-1,1,0,-1,1,-1,-1,0,-1,1,-1,-1,1,1,-1,-1,1,0,1,Phishing
2137,1,-1,1,1,1,-1,0,1,1,-1,1,1,-1,0,-1,-1,-1,1,0,-1,1,-1,1,-1,-1,1,-1,1,1,1,Phishing
2138,-1,-1,-1,1,-1,-1,-1,-1,-1,-1,-1,-1,-1,-1,1,-1,-1,-1,1,1,1,-1,1,-1,-1,0,-1,1,1,-1,Legitimate
2139,-1,1,-1,1,-1,-1,-1,1,-1,1,1,-1,1,1,-1,1,1,1,1,1,1,1,1,1,-1,1,1,1,-1,1,Phishing
2140,1,-1,1,1,1,-1,0,1,1,1,1,1,1,0,-1,-1,-1,1,0,1,1,1,1,-1,1,0,-1,1,1,1,Legitimate
2141,1,-1,1,1,1,1,-1,1,-1,1,1,1,1,1,1,-1,1,1,0,1,1,1,1,1,1,1,-1,1,0,1,Phishing
2142,1,-1,1,1,1,-1,1,1,-1,1,1,-1,-1,1,0,-1,-1,-1,0,1,1,1,1,1,1,-1,-1,1,0,-1,Phishing
2143,1,-1,1,1,1,-1,1,1,-1,1,1,1,-1,1,1,-1,1,1,0,1,1,1,1,1,1,0,-1,1,0,1,Phishing
2144,-1,-1,1,1,1,-1,0,-1,-1,1,1,1,1,-1,-1,-1,-1,1,0,1,1,1,1,-1,1,-1,1,1,0,1,Legitimate
2145,1,-1,1,1,1,-1,-1,-1,1,1,1,1,-1,0,-1,-1,1,1,0,1,1,1,1,1,-1,1,-1,1,1,1,Phishing
2146,-1,-1,1,1,1,-1,0,-1,-1,1,1,1,1,-1,-1,-1,1,1,0,1,1,1,1,-1,1,0,-1,1,1,1,Legitimate
2147,1,1,1,1,1,-1,-1,-1,-1,1,1,1,1,-1,0,1,1,1,0,1,1,1,1,-1,-1,-1,-1,1,1,1,Legitimate
2148,-1,-1,-1,1,-1,1,1,-1,-1,1,1,-1,1,1,0,-1,1,-1,1,1,1,1,1,-1,-1,1,1,-1,1,1,Phishing
2149,1,-1,1,-1,1,-1,0,0,1,1,1,1,-1,0,-1,-1,1,1,0,1,1,1,1,1,1,-1,-1,-1,0,1,Legitimate
2150,-1,-1,1,1,1,-1,0,-1,-1,1,1,1,1,-1,-1,-1,1,1,0,1,1,1,1,1,1,1,-1,1,1,1,Legitimate
2151,-1,-1,-1,1,-1,1,1,1,-1,1,1,-1,1,0,0,-1,1,-1,1,1,1,1,1,1,-1,0,-1,1,1,1,Phishing
2152,1,-1,1,1,1,-1,1,1,-1,1,1,1,1,0,0,0,1,1,0,1,1,1,1,-1,1,1,-1,1,0,1,Phishing
2153,1,1,1,1,1,1,-1,1,-1,1,1,1,1,1,0,1,1,1,0,1,1,1,1,1,-1,-1,-1,1,1,1,Phishing
2154,-1,-1,-1,1,-1,1,-1,1,-1,1,1,-1,1,0,0,-1,1,-1,0,1,1,1,1,-1,-1,1,-1,-1,1,1,Phishing
2155,1,-1,1,1,1,1,1,1,-1,1,1,1,1,1,1,-1,1,1,0,1,1,1,1,-1,1,1,-1,1,0,1,Phishing
2156,-1,-1,-1,-1,-1,1,1,1,-1,1,1,-1,1,0,0,-1,1,-1,0,1,1,1,1,-1,-1,1,1,-1,1,1,Phishing
2157,1,1,1,1,1,-1,1,1,-1,1,1,1,1,0,1,-1,1,1,0,1,1,1,1,-1,1,-1,1,1,0,-1,Phishing
2158,1,-1,1,1,1,-1,-1,-1,1,1,1,1,-1,-1,-1,-1,1,1,0,1,1,1,1,-1,-1,-1,-1,-1,0,1,Legitimate
2159,-1,-1,1,-1,1,-1,0,-1,-1,1,1,1,1,-1,1,-1,-1,-1,0,1,1,1,1,-1,1,1,1,1,1,-1,Legitimate
2160,1,1,1,1,1,-1,-1,1,-1,1,1,1,1,0,0,0,1,1,0,1,1,1,1,1,1,1,-1,1,0,1,Phishing
2161,-1,1,1,1,1,-1,0,-1,-1,1,1,1,1,-1,1,-1,1,1,0,1,1,1,1,1,1,-1,-1,1,1,1,Legitimate
2162,1,-1,1,1,1,-1,1,-1,-1,1,1,1,-1,-1,0,-1,-1,1,0,1,1,1,1,-1,-1,-1,-1,1,0,1,Legitimate
2163,1,-1,1,1,1,-1,-1,1,-1,1,1,1,-1,0,0,-1,1,1,0,1,1,1,1,-1,1,1,-1,1,0,1,Phishing
2164,-1,-1,1,-1,1,-1,-1,-1,-1,-1,-1,1,1,-1,0,0,-1,1,0,-1,1,-1,-1,-1,1,0,-1,1,1,1,Legitimate
2165,-1,1,1,1,1,-1,0,0,-1,1,1,1,1,-1,0,-1,1,1,0,1,1,1,1,1,1,0,1,1,1,1,Legitimate
2166,1,-1,1,1,1,-1,0,-1,1,1,1,1,-1,-1,-1,-1,1,1,0,1,1,1,1,-1,-1,-1,-1,-1,0,1,Legitimate
2167,-1,-1,-1,1,-1,-1,0,-1,1,-1,-1,-1,-1,-1,-1,-1,-1,-1,0,1,1,-1,-1,-1,-1,0,1,-1,1,1,Legitimate
2168,1,-1,1,-1,1,1,1,1,-1,1,1,1,1,1,1,-1,1,1,0,1,1,1,1,1,1,1,-1,1,0,-1,Phishing
2169,-1,-1,-1,1,-1,1,1,1,-1,1,1,-1,1,0,0,-1,1,-1,1,1,1,1,1,1,-1,1,-1,1,1,-1,Phishing
2170,1,-1,1,1,-1,-1,1,-1,-1,1,1,1,1,0,0,-1,-1,1,1,1,1,1,1,-1,-1,0,-1,1,0,1,Legitimate
2171,1,-1,-1,1,-1,-1,1,1,1,1,1,-1,-1,0,-1,1,1,-1,0,1,1,1,1,-1,-1,1,-1,-1,1,1,Phishing
2172,-1,-1,-1,1,-1,-1,1,1,1,1,1,-1,-1,0,1,-1,1,1,1,1,1,1,1,1,-1,-1,-1,1,1,1,Phishing
2173,-1,-1,-1,1,-1,-1,-1,1,-1,1,1,-1,1,1,0,-1,-1,-1,1,1,1,1,1,-1,-1,1,-1,1,-1,-1,Phishing
2174,-1,1,-1,1,-1,-1,0,0,-1,1,1,-1,1,-1,1,1,1,-1,1,1,1,1,1,1,-1,1,-1,1,1,1,Legitimate
2175,-1,-1,1,-1,1,-1,-1,-1,1,1,1,-1,-1,-1,-1,-1,1,1,0,1,1,1,1,1,1,1,-1,1,1,1,Legitimate
2176,1,-1,1,1,1,-1,-1,1,-1,1,1,1,1,0,1,-1,1,1,0,1,1,1,1,-1,1,1,-1,1,0,1,Phishing
2177,1,-1,1,1,1,-1,0,0,-1,-1,-1,1,1,-1,-1,-1,-1,1,0,-1,-1,-1,-1,1,1,1,-1,1,1,-1,Legitimate
2178,1,-1,1,1,1,-1,1,1,-1,1,1,1,-1,0,1,1,1,1,0,1,1,1,1,-1,1,1,-1,1,0,-1,Phishing
2179,1,-1,1,1,1,-1,1,-1,1,1,1,1,-1,0,0,-1,1,1,0,1,1,1,1,1,-1,1,-1,1,1,1,Legitimate
2180,-1,-1,-1,1,-1,1,1,1,-1,1,1,-1,1,1,0,1,1,-1,1,1,1,1,1,1,-1,1,-1,1,1,1,Phishing
2181,-1,-1,-1,1,-1,-1,0,1,1,1,1,-1,-1,0,1,-1,1,-1,1,1,1,1,1,1,-1,1,-1,1,1,1,Phishing
2182,1,-1,1,1,1,-1,1,1,-1,1,1,1,-1,1,0,1,1,1,0,1,1,1,1,1,1,1,-1,1,0,1,Phishing
2183,1,-1,1,1,1,-1,1,1,-1,1,1,1,1,0,1,0,-1,1,0,1,1,1,1,-1,1,1,-1,1,-1,1,Phishing
2184,-1,-1,1,1,1,-1,-1,1,1,1,1,1,-1,0,1,0,1,1,0,1,1,1,1,-1,1,1,-1,1,1,1,Phishing
2185,1,-1,1,1,1,-1,0,-1,-1,1,1,1,1,0,-1,-1,1,1,0,1,1,1,1,-1,1,0,1,1,0,1,Legitimate
2186,-1,1,1,-1,1,1,1,1,-1,-1,-1,1,1,0,-1,-1,1,1,0,-1,-1,-1,-1,1,1,-1,1,1,1,1,Phishing
2187,-1,-1,-1,-1,1,-1,1,1,1,-1,-1,1,-1,1,1,-1,1,1,0,-1,-1,-1,-1,-1,1,1,-1,1,1,1,Phishing
2188,1,-1,1,1,1,-1,-1,-1,-1,1,1,1,-1,0,0,-1,1,1,0,1,1,1,1,-1,-1,0,-1,1,0,1,Legitimate
2189,-1,1,-1,1,-1,-1,1,1,-1,1,1,-1,1,0,-1,1,1,-1,1,1,1,1,1,-1,-1,0,1,-1,1,1,Phishing
2190,-1,1,1,1,1,-1,1,0,-1,1,1,1,-1,-1,-1,-1,1,1,1,1,1,1,1,1,1,-1,-1,1,1,1,Legitimate
2191,1,-1,1,1,1,-1,-1,1,-1,1,1,1,-1,1,0,-1,1,1,0,1,1,1,1,1,1,1,-1,-1,1,1,Phishing
2192,1,1,1,1,1,1,0,-1,-1,1,1,1,1,0,0,-1,1,1,1,1,1,1,1,1,1,1,-1,1,-1,1,Phishing
2193,-1,-1,-1,1,-1,1,1,1,-1,1,1,-1,1,0,0,-1,1,-1,1,1,1,1,1,-1,-1,-1,-1,1,1,1,Phishing
2194,1,-1,1,1,1,-1,1,0,1,1,1,1,1,-1,0,-1,1,1,0,1,1,1,1,-1,1,-1,-1,1,0,1,Legitimate
2195,-1,-1,-1,1,-1,1,1,1,-1,1,1,-1,1,1,1,-1,1,-1,1,1,1,1,1,1,1,1,-1,1,1,1,Phishing
2196,-1,-1,-1,-1,-1,-1,-1,-1,-1,1,1,-1,1,-1,1,0,1,-1,0,1,1,-1,1,-1,-1,-1,-1,-1,1,1,Legitimate
2197,-1,1,-1,1,-1,-1,-1,1,-1,1,1,-1,1,1,0,1,1,-1,1,1,1,1,1,1,-1,1,-1,1,1,1,Phishing
2198,-1,1,1,1,1,-1,0,0,-1,1,1,1,1,-1,0,-1,1,1,0,1,1,1,1,1,1,-1,1,1,0,-1,Legitimate
2199,-1,-1,1,1,1,-1,-1,-1,1,1,1,1,1,0,0,1,1,1,0,1,1,1,1,1,1,1,-1,1,1,1,Phishing
2200,1,1,1,1,1,-1,-1,1,-1,-1,1,1,1,0,1,1,1,1,0,1,1,-1,1,1,-1,1,-1,1,1,1,Phishing
2201,1,-1,1,1,1,-1,1,1,-1,1,1,1,1,0,0,-1,1,1,0,1,1,1,1,-1,1,1,-1,1,0,1,Phishing
2202,1,1,1,-1,1,-1,0,1,-1,-1,-1,1,1,0,0,0,-1,1,0,1,1,-1,1,1,1,1,1,1,0,1,Phishing
2203,1,-1,1,1,1,-1,1,-1,1,1,1,1,-1,0,0,-1,1,1,0,1,1,1,1,-1,-1,1,-1,1,1,1,Phishing
2204,1,-1,1,1,1,-1,0,1,1,1,1,1,-1,1,0,-1,-1,-1,0,1,1,1,1,-1,1,1,-1,1,0,-1,Phishing
2205,-1,-1,1,1,1,-1,1,1,1,1,1,1,1,0,0,0,1,1,0,1,1,1,1,-1,1,-1,-1,1,1,1,Phishing
2206,-1,-1,1,1,1,-1,0,1,-1,-1,1,1,1,0,1,-1,1,1,0,1,1,-1,-1,1,1,1,-1,1,1,1,Phishing
2207,1,-1,1,1,1,-1,-1,-1,-1,1,1,1,1,-1,0,-1,1,1,0,1,1,1,1,-1,-1,-1,-1,1,0,1,Legitimate
2208,1,-1,1,1,1,-1,0,1,-1,1,1,1,-1,1,-1,-1,1,1,0,1,1,1,1,-1,1,0,1,1,0,1,Phishing
2209,1,1,1,-1,1,-1,1,1,-1,1,1,1,-1,0,1,1,1,1,0,1,1,1,1,1,1,1,1,1,0,1,Phishing
2210,-1,-1,-1,1,-1,-1,0,1,-1,1,1,-1,1,0,0,-1,1,-1,0,1,1,1,1,-1,-1,1,-1,-1,1,1,Phishing
